AccelerometerX,AccelerometerY,AccelerometerZ
-4.23583680561068,-28.1080575296316,0.168026796043665
-4.23559365638219,-28.1038002122499,0.167695636742399
-4.23172811885163,-28.0946350546048,0.167897388586687
-4.23415296480198,-28.0980064590871,0.167812011158561
-4.2333834286455,-28.0962092515085,0.167949524328226
-4.23492845320785,-28.0998633732497,0.167836435990242
-4.23448854251385,-28.1000047318792,0.167822580535313
-4.23460950201203,-28.1062225609303,0.167664639754363
-4.2341470125526,-28.0979467525031,0.167650073157215
-4.23415296480198,-28.0980064590871,0.167812011158561
-4.23403672732107,-28.1000266773406,0.167484849077692
-4.23502683394061,-28.0976640352441,0.167677784067074
-4.23404267957045,-28.1000863839246,0.167646787079038
-4.23481816797632,-28.1019432980872,0.167671211910718
-4.23470788274479,-28.1040232229247,0.167505987831195
-4.23448259026446,-28.0999450252951,0.167660642533967
-4.23425134553474,-28.0958071210815,0.167653359235393
-4.23581894886252,-28.1078784098794,0.167540982039627
-4.23515374568818,-28.1039415708793,0.16768178128747
-4.23425134553474,-28.0958071210815,0.167653359235393
-4.23483602472448,-28.1021224178394,0.168157025914756
-4.23259603574086,-28.0942329241778,0.167601223493854
-4.23250360725749,-28.0964919687674,0.167921813418368
-4.23493440545724,-28.0999230798338,0.167998373991588
-4.23558298211553,-28.0955024583612,0.168018801602873
-4.23548932340004,-28.1059398436714,0.167692350664221
-4.23539094266728,-28.108139181677,0.16785100258739
-4.23591260757801,-28.0974410245693,0.167867432978278
-4.32314957498075,-28.0721705632846,0.183393345783851
-4.45304506993777,-28.1427082463077,0.139444635384915
-4.61356024039577,-28.27033296455,0.144985482891625
-3.99799405562267,-28.2920715583033,0.227338654253529
-3.76390207298315,-29.4314993506426,0.249242524157648
-3.77749620190863,-30.3031209848574,0.293505079037075
-3.97350064129047,-30.2772467815967,0.297575690330566
-4.06263341675634,-29.5852279326085,0.339203148783118
-4.10699613004262,-27.351475583164,0.418887655594611
-4.66782312831418,-26.2095714481622,0.377836056060362
-4.36384808294529,-23.1765080027523,0.221716059678037
-4.19363804305683,-22.1690490593768,0.275394056597161
-4.80118083667409,-26.6620663718434,0.515803986263689
-4.14577657508592,-28.2480191670211,0.495323082884324
-3.70316678234576,-30.5406405479067,0.481544367500172
-3.64946627888155,-30.195747022578,0.275562095029053
-3.26226415264169,-27.8907544792237,0.30477488787492
-3.66937862404578,-28.781755974979,0.384885610943749
-4.39774057177747,-29.2098388459113,0.465247582498675
-5.12032986054541,-27.7102393417579,0.439481141577877
-4.59495913518875,-24.5563985388993,0.253581228334156
-4.18998706243678,-22.1337942192685,0.185184020470773
-4.75623604965111,-26.3376072014771,0.393237256256197
-4.48494136763004,-28.3546447992565,0.452789514538933
-3.77551839557893,-30.9527153427514,0.432386490270241
-3.76790769165613,-30.8945892051475,0.273146013127557
-3.60032787743633,-29.8911606983252,0.212549227850594
-3.447620218577,-28.9963276401151,0.267587233509746
-4.01662698654296,-28.6472285174249,0.346650406449907
-4.50254998177551,-27.7247527758985,0.340603997899075
-5.0374719335906,-27.2792705881585,0.319278808563196
-4.73464810129613,-25.3817297264261,0.21479348958721
-4.42316136068566,-23.522520502033,0.175706037848445
-4.86503670601463,-26.172138207824,0.330508082252598
-4.57825242321146,-28.3065114941503,0.424672343869936
-4.02437608506798,-29.1067183716929,0.470471876643294
-3.76581474570694,-30.9073250518139,0.404259772527652
-3.22081313709729,-27.6422944838817,0.27419249834296
-3.08360802218424,-26.8227282661772,0.252887271863773
-3.3371356103935,-28.3417512487334,0.30470678609072
-3.98948392299396,-29.2297576434554,0.337222728777584
-4.60279047675912,-29.3009730844523,0.319983851091579
-4.97763028540895,-27.7361163220158,0.327260814506892
-4.64462038028045,-24.8461782637801,0.233956042748758
-4.19056948988029,-22.1414548119411,0.194745645848752
-4.61549434362898,-24.8040904290936,0.280431592238471
-4.65431387766886,-28.2333643027804,0.343442956776972
-4.138461108612,-29.5634672770891,0.370544767219788
-3.66511956636541,-30.2930442059103,0.340108321411673
-3.20247621092194,-27.5294880176697,0.249514128551349
-2.87543385057814,-25.5771641131596,0.206701725455097
-3.17391583615685,-27.3547169449889,0.235674546874731
-3.84747123366452,-28.7451439339792,0.273225693524666
-4.48420344485608,-29.225897735799,0.290045240778987
-4.74854355371743,-26.3810856702952,0.362424122953024
-4.19195580822672,-22.1508068001757,0.220507643517671
-4.4324064114223,-23.5915525054877,0.28760508550653
-4.64278913507333,-27.6323246152632,0.364431042576213
-4.3268235083731,-30.4184116375115,0.347038844963802
-3.62645346775911,-30.0633947522696,0.306055134162691
-3.01348877840355,-26.4048043208624,0.266530343579271
-2.87088432161803,-25.5593361988492,0.249907574956079
-3.00142035102885,-26.335259312472,0.244799165812463
-3.56333985617482,-27.959185115486,0.266864682223999
-4.11785715740553,-28.6161089404278,0.265081481131801
-4.50834986866002,-27.7810462495839,0.283365233733636
-4.50686885995209,-24.0325245789339,0.255335746286187
-4.44507654895314,-23.6561735438611,0.197423848758751
-4.87344014290987,-26.4993506754654,0.301172410637267
-4.48386523405281,-28.8343735853891,0.362175324370429
-3.67704324660378,-30.1768386331837,0.344042382031892
-3.21580392618456,-27.6194051110785,0.320295379192842
-2.89788529705097,-25.7207503934014,0.254963513131193
-2.82288480432312,-25.2734637764127,0.248072278077918
-3.31229530287223,-26.886430622521,0.238738951043822
-3.76815025502335,-28.0866347977671,0.244362058770137
-4.24281560524641,-28.3450279409477,0.23779932819402
-4.57939940065882,-27.0879636105101,0.262149187575017
-4.55024187349523,-24.2801961742197,0.186016844313012
-4.52192464795863,-24.1096824189206,0.172508421937659
-4.77938312798496,-25.8869989390157,0.281064428904372
-4.51195286427362,-28.731374349651,0.365162731017178
-3.7882157309422,-30.4811112807065,0.355469653518893
-3.32343959144364,-28.257264486748,0.303143161712664
-2.89446034468595,-25.6987058905572,0.243856604648912
-2.86130621493694,-25.4938193673656,0.22987233777595
-3.11049588526522,-26.9311279863118,0.240308839792384
-3.7639821413762,-28.4657855252611,0.268493358938783
-4.23640388231274,-28.6912303945136,0.278520267982443
-4.86128555903048,-27.2271073472127,0.315670637758787
-4.54897694188981,-24.272979268644,0.188079760823502
-4.5936088675744,-24.5410357968841,0.223129600782563
-4.6870142780698,-27.4462470807358,0.35142816339161
-4.26107027643856,-30.0688216511792,0.366965948962551
-3.59573316224147,-29.8760823292128,0.312689840344409
-3.05031754645993,-26.6210281374017,0.24714798760452
-2.77577917465416,-24.983796507078,0.203886496562584
-2.97239344906539,-26.1571764221499,0.227386378729484
-3.56743222248738,-28.1112350378246,0.271522590461045
-4.09484322495511,-28.4486973537606,0.264356632865647
-4.62979251257203,-28.4885744758316,0.256619348929539
-4.88297826196307,-26.2754905947255,0.252624164100675
-4.70598499952747,-25.2009070965103,0.146278993638026
-4.54372819224469,-24.2449513340652,0.209427266220972
-4.56183671796824,-26.6657723063448,0.31610596046215
-4.27696340836301,-29.2338363574516,0.372804287501285
-3.6190863631001,-30.0209571665106,0.315366380576811
-3.15655797639473,-27.2572029553882,0.274109720100994
-2.78264468438613,-25.0294099284334,0.2356440862298
-2.90967668620426,-25.7884172953833,0.238351089929686
-3.39133434618524,-27.262711067719,0.256271168920799
-3.94917700001352,-28.7338251171686,0.249578436946835
-4.40552689376781,-28.7449396477376,0.241306587897578
-4.63464264957722,-26.7028806228276,0.233965284571859
-5.03306612810312,-27.1481483502816,0.153669251946544
-4.84936676922226,-26.0509695831636,0.125885373433925
-4.56893078537366,-24.3924297345624,0.192913742086834
-4.5070099643606,-27.3335162854967,0.334759700221322
-3.88719205811871,-29.3098309390756,0.363924785608874
-3.40598945681525,-28.750184889516,0.314801187092157
-2.94277477543775,-25.9831831160991,0.242305058953739
-2.73923827630749,-24.7668070637658,0.188339805052212
-3.00056403010651,-26.3225659700404,0.194144279521467
-3.6095205471814,-28.0074829382644,0.229499065235147
-4.04234649242842,-28.6005466862362,0.230029585628411
-4.46375762941595,-27.9488617939587,0.225995070749661
-4.76703668883708,-26.8280409427475,0.197374042283263
-4.96332033726977,-26.7289493744558,0.125592449497145
-4.63560376676672,-24.7780698146046,0.119152680443199
-4.81373153345331,-26.1502402422229,0.194962733356522
-4.48359348551702,-27.6530572284167,0.301672067543766
-3.82305971258395,-28.7803407890412,0.316614721115294
-3.49132078585051,-29.2518555913089,0.274463147312808
-2.97921078504169,-26.1977525449837,0.24587890774127
-2.92209700927499,-25.8551031510118,0.208656682827598
-2.98977520783211,-26.2572154849794,0.223243070359712
-3.56124347759404,-27.6851628404537,0.253373360651452
-4.15652251289264,-28.6769162080159,0.259505765389019
-4.51594466988507,-27.5217951818115,0.278428423145857
-5.05294323811259,-27.2736685233492,0.202011708688152
-4.88328022661462,-26.2516289590018,0.118380735791251
-4.71496741551641,-25.2581798706322,0.171794986890015
-4.64055035845399,-27.33320275651,0.318099878654456
-4.31849414839429,-29.0216655392633,0.366348316917057
-3.55334323005802,-29.623225238897,0.308443214849491
-3.22430316566663,-27.6494946262312,0.202161684602418
-2.94474078093548,-25.9837536131091,0.168123487610517
-3.05780126434633,-26.6614326569712,0.182845234213717
-3.4579188125242,-27.272059812515,0.217445433649078
-4.05045962471722,-28.4006435395535,0.232064373172209
-4.46490219825678,-27.8270066399234,0.233309893963561
-4.9152903170418,-26.4687441396316,0.240863574837826
-4.80481376154369,-25.7887257858223,0.144862695742045
-4.59875633897289,-24.5657624726415,0.165385036511106
-4.80481376154369,-25.7887257858223,0.144862695742045
-4.43907432550318,-28.5028500898388,0.370469618828729
-3.56190564179974,-29.1957705624459,0.376971620315097
-3.48095133853291,-29.1916126701733,0.284165083340201
-3.13330489076521,-27.1105799836697,0.200589601435342
-3.0966225871902,-26.8949078807538,0.199434253291247
-3.32051587330334,-27.5644750957525,0.217970297887801
-3.70198497628258,-27.918111076693,0.236131592883906
-4.23629425928362,-28.788402329879,0.212846100545375
-4.5544664100447,-28.116275274286,0.191972919623559
-4.56956152347054,-26.3163100760207,0.146349455523487
-4.87211788413583,-26.7618013501064,0.115441157486612
-4.86198552104026,-26.1269357003285,0.13178233241949
-4.43781674200473,-23.6038691895448,0.136700495604132
-4.34397759966293,-25.1097174896465,0.259101591982085
-4.4993372614063,-28.2873095923274,0.371558911409403
-3.76992561278334,-29.2261660217495,0.389993451581786
-3.32557194548088,-28.2813897422516,0.379394821593055
-3.2425936753751,-27.7732289783618,0.283127776523696
-3.03922618098094,-26.5594656613599,0.258282940812345
-3.49929857441967,-28.0230898411998,0.251422340079031
-3.89931272112245,-28.6404034260783,0.242670141023325
-4.16382269825956,-28.3510027261285,0.245178144884009
-4.32837182615838,-27.4210236241895,0.236773750151974
-4.71471230330966,-26.1825689387404,0.215297844140499
-4.74888247888735,-25.4506480578138,0.109618721052955
-4.6061049411161,-24.6011750459065,0.109974306597178
-4.71204913730644,-26.3711145821521,0.215860967012
-4.66335749986817,-28.3931591980765,0.295364387123094
-3.83933153636773,-28.9375240059351,0.350933080047348
-3.53671901294195,-29.5225777235854,0.278481021195798
-3.13956616857364,-27.155603930279,0.252385225762437
-2.92886808600608,-25.895665672694,0.210487450376087
-3.09531773906686,-26.6461242138192,0.23077275832386
-3.69032612965116,-27.2929724630167,0.249027928487774
-4.19233738530072,-27.9601418963086,0.244782241031864
-4.49648658886152,-26.4922135012589,0.278786073373779
-4.61166900275704,-24.6433089165101,0.170158998864002
-4.57347491784497,-24.414757588138,0.16151551122917
-4.67435253430685,-25.9004651432217,0.230039972677138
-4.48531704814053,-27.5806824736984,0.284580796914758
-3.84995392994481,-28.4419533985783,0.325387558996703
-3.37618931819215,-28.5688997891166,0.288306016478881
-3.29572280732035,-28.0836489568035,0.226732695126362
-2.94338504961773,-25.9861185443219,0.256073075146314
-3.18934858783542,-26.8404721268258,0.226132085000439
-3.65633399378183,-27.9051370630115,0.211886942085093
-4.10219240421831,-28.3093756471451,0.203608153674226
-4.45414376405742,-28.3753445961882,0.192695163940188
-4.45095881375226,-25.8620540241947,0.221224694164339
-4.59818572602109,-24.5559350462443,0.122503174284711
-4.53636068904675,-24.1870126153868,0.133819472397464
-4.56643983221698,-26.0165556794207,0.186041764654483
-4.48442886235641,-27.6295583358234,0.240718429220887
-3.93347135782831,-28.3083921410228,0.263479568125494
-3.37699672958412,-28.567423693392,0.246438059767567
-3.14531515439592,-27.1799919777406,0.205335141736161
-2.91659681639872,-25.8218172414893,0.204924936769964
-3.10792296007735,-26.5808781038594,0.19768741367152
-3.65914411384167,-27.4063525846921,0.198711906431727
-4.11992236064021,-28.271380532956,0.185727017201176
-4.43390980661242,-27.4517488465066,0.194160630817935
-4.70574305182721,-25.2080553177196,0.203531060477195
-4.5187430920508,-24.0832399932806,0.122427302014786
-4.64443377793885,-25.713903164749,0.228288896997304
-4.33105630603714,-27.8647753397253,0.309322537657392
-3.63714983633781,-29.6882402111308,0.270483410240054
-3.39277418852333,-28.6545563284623,0.201483088980464
-2.9671709173857,-26.1171005309224,0.167374193840757
-3.03983797113245,-26.5519236540334,0.183735215959425
-3.42898644265896,-27.0298501401264,0.192109848037732
-3.88318552365691,-27.8330364511509,0.193475288589871
-4.2921350472193,-28.1012369025479,0.171740975354806
-4.48783129197318,-26.8481898947108,0.160759080540929
-4.67061524555298,-24.9929295518425,0.144356232994209
-4.53408073030307,-24.172800233873,0.111102588623861
-4.54068458865212,-25.2915372719726,0.184260072707241
-4.53892443109472,-27.2315371241797,0.266373903367446
-4.24727891608594,-29.5642692908273,0.329652454813413
-3.45434049405972,-29.0332110071266,0.320529568158973
-3.37569238397921,-28.5584435458133,0.238309451570021
-2.94960231992718,-26.0297835938649,0.282148979311496
-3.08215648299368,-26.3053502467744,0.247989038226265
-3.52615914687993,-27.153772378306,0.237549044229139
-4.00748963380165,-28.3526569032819,0.217770945317622
-4.3218002549955,-28.5755826186042,0.187879862326478
-4.41972105579714,-26.9395902980881,0.213932557144006
-4.75139513111768,-25.4717486419548,0.150620743523708
-4.77355982531339,-25.590121980501,0.0605767974018049
-4.80016393734036,-25.7680735121474,0.191623897974061
-4.60523281351179,-27.2590685413356,0.286093164009701
-3.7639884116091,-29.4920021358597,0.336267028045685
-3.67224559352804,-30.3253066845876,0.254119731295457
-3.14442262551985,-27.1842508761597,0.232319368920804
-3.108680468816,-26.9647975274971,0.205475297602833
-3.24649477755407,-27.6248259806565,0.206580895173579
-3.76135884706496,-28.4012538099217,0.218429822058322
-4.19338803731884,-28.7210373831355,0.214082731938406
-4.53179695025052,-27.4640643906046,0.240269331153925
-4.72537402508726,-25.3215313296857,0.181342534269274
-4.47016765532235,-23.7943263306048,0.123161874404656
-4.76371381071866,-25.6584900646508,0.225899228324319
-4.73249831006008,-28.2520424916349,0.311614346452633
-3.563930094361,-28.7669248890128,0.364257090815477
-3.57079598857455,-29.7280635271273,0.27826030753551
-3.14345450339445,-27.1841148941148,0.26981499959578
-3.11543288580964,-27.0092765237555,0.234156065244478
-3.20375125122663,-27.5145030066245,0.227879716425257
-3.69815054719623,-28.1149424538792,0.246362857315014
-4.12776694972862,-28.8828804988096,0.233205245319127
-4.46045022075611,-28.2579089511812,0.227184904629564
-4.63107382905731,-26.8322801635786,0.189047984263944
-4.99955718517542,-27.8757423270316,0.149055340532961
-4.7101153720556,-25.2245560860294,0.140100813483308
-4.3548293076924,-23.1120310963842,0.149614768922202
-4.62589811977036,-26.3954674540782,0.298390077879917
-4.66136952214543,-28.2872573281102,0.386043820378004
-3.40035088406818,-28.0739352444739,0.447582529025446
-3.49292573144566,-29.2716079118099,0.36088847922591
-3.06799352572468,-26.7358624129616,0.293156609988598
-3.03531008943072,-26.5379661088665,0.270290889015513
-3.39804671707149,-27.9465789504119,0.260526345400165
-3.84885079605574,-28.6611278566654,0.247389059680765
-4.20146389110575,-28.401553309196,0.267067761967293
-4.46196589031013,-27.4494737260122,0.262494257558794
-4.7573232717097,-26.4335395783377,0.19820036158802
-4.75618845507392,-25.5006797663888,0.153359722819763
-4.46871820398595,-23.7852585209235,0.120204712873424
-4.38562706249033,-24.237527895933,0.173229850996726
-4.43716282909528,-26.5956658564691,0.266242073590252
-4.56714717881068,-28.9737637996431,0.325492999220042
-3.48458895609045,-29.1980577740396,0.348494613954854
-3.45510244919577,-29.0276257159223,0.234664035887169
-3.06994087148496,-26.7403493845477,0.245825038738532
-3.01253238076281,-26.4002152582004,0.237061624554723
-3.5003891713407,-27.3605421517622,0.227032359720796
-3.87419629009688,-28.086507366912,0.215190235057108
-4.15958889904401,-27.8912760951547,0.201210403538754
-4.38891408668691,-26.5903140860015,0.193390444904482
-4.74541493907638,-25.4495788356284,0.148006133084607
-4.55850583050866,-24.3111117759448,0.0643172276148018
-4.40717245416175,-24.5376409156452,0.122957029398866
-4.28779188240777,-26.2079448864029,0.201366280084376
-4.45018844586633,-28.5163643418953,0.222170933782422
-3.47507407764372,-28.4410210857439,0.243704091058881
-3.31559726704466,-28.1950132928665,0.199214070328958
-3.06611308067213,-26.7192685313582,0.220309645356866
-2.96766785159863,-26.1275567742257,0.217370758749617
-3.23252108549367,-26.6679572041461,0.198053252442001
-3.58036560654368,-27.3971791744798,0.188628418744005
-4.03010528803041,-27.8207497241667,0.173678352875808
-4.22776411899745,-27.3554949944561,0.164699278148018
-4.42232455466669,-26.2275771971728,0.149476096067634
-4.76734544795454,-26.9039035179209,0.0650718343198564
-4.70917556869299,-26.2712764249443,0.0507849214112246
-4.45774192627491,-25.3516264478929,0.0648638235049804
-4.32814950225325,-25.9598683459958,0.0941027813130832
-4.34302425533083,-26.9762875701038,0.132582651770201
-4.31352336319164,-28.1831966059018,0.201044466721555
-3.67204779410746,-28.1632182580595,0.278376080731081
-3.31694086942739,-28.2166981695185,0.290483686827506
-3.27128669561234,-27.9434086541279,0.279502478886644
-3.00692939366838,-26.3741055254056,0.285248560668597
-3.27887453077355,-26.8499728880564,0.235421820895617
-3.75943775885251,-27.5014769870008,0.204458769855486
-4.10043146256251,-28.136539249761,0.15195427221808
-4.07213466595993,-26.7858382606084,0.147504522893477
-4.32539716387569,-25.9705107118097,0.108573641093349
-4.42311528630047,-26.4529875144822,0.0563326963406253
-4.29176669342011,-26.7951572107569,0.0379616862400059
-4.11411895321801,-26.7078667223014,0.0237937037912077
-4.00967285208756,-26.6607696363544,0.0243860755049026
-4.00191119877531,-26.9852403546203,0.0289941298509838
-3.93753365923806,-26.6690007726432,0.0326277593227885
-3.93496971058541,-26.5641275608937,0.0425755378278184
-4.05513914115845,-27.1556082269063,0.0473309049564202
-4.13627387912907,-26.8057069157184,0.0733401564684057
-4.47010151834042,-26.3310055992917,0.103426226821351
-4.7371378147328,-25.3852681559399,0.121218349511314
-4.79632436880073,-25.9866896130816,0.181636184417096
-4.52904294705353,-27.327257797113,0.265739174465781
-4.12308097744166,-28.7062426856043,0.290640843937823
-3.63067596023873,-30.0715698111724,0.248281436696939
-3.30860515409699,-28.1563372219027,0.218727410827866
-3.004099177696,-26.3402443011545,0.171772299232165
-3.05556790208363,-26.6408648833239,0.171128854012663
-3.66286713462272,-27.4077157910351,0.18896238466439
-4.09615582461892,-28.2575141069674,0.189345729166499
-4.44033616766666,-27.6208219085722,0.201318308634252
-4.65845720490757,-26.1729739310144,0.174058900960087
-4.79424499248247,-25.7210119505859,0.11266496692787
-4.57577794981149,-24.4200766563536,0.105622364661277
-4.44003409513404,-25.2879353330847,0.158606654902739
-4.50600176213793,-27.1754871660936,0.22312008086289
-4.42165859333519,-28.7937880125585,0.295192347468318
-3.49422934127586,-29.2714559197543,0.289759305076578
-3.48462465660111,-29.2088420573488,0.216507306778215
-3.20146713603308,-27.5225522483156,0.224896266268603
-3.05013719298564,-26.6228556347515,0.229673250056316
-3.38662252850048,-27.1344744316916,0.214067627693893
-3.74449172481272,-27.7630396938243,0.203502777039113
-4.09349839654837,-28.0702468210208,0.187482774826425
-4.23891125814963,-27.3839533638304,0.188342445310027
-4.44268211418918,-25.9274306198719,0.175512112085824
-4.70057344462435,-25.1616708930067,0.09936264810481
-4.5136197717678,-24.3458632187507,0.0886218275801839
-4.34033098595655,-24.8060156657565,0.127645308520607
-4.42743218800173,-26.218257308854,0.179237313202029
-4.49243410929128,-27.4909122596256,0.232074283891782
-4.33803303215252,-28.8998576274837,0.306954268599813
-3.36404559629319,-28.4822347616285,0.32108239547846
-3.45627865282098,-29.0385066685864,0.242141606001155
-3.2580928273501,-27.8603057023953,0.248839575071916
-3.03557504313924,-26.5351523083217,0.241022388278921
-3.45225821498405,-27.3841467330077,0.213708635476047
-3.91024686939894,-28.4855962373254,0.194165863911089
-4.1296687093246,-28.1187878643975,0.180696221358783
-4.25058346819874,-27.0508997204212,0.192268585609324
-4.56419002273582,-25.8947989857934,0.163002329406104
-4.74725816057252,-25.4411940531098,0.11102331618131
-4.53642012153355,-24.1853234343347,0.101794739559814
-4.26861195215605,-24.8607826756143,0.153369282818184
-4.38399999618981,-27.1103316941885,0.210704727524453
-4.01954315272188,-28.3260495369985,0.280101036286791
-3.34547768242365,-28.3825751756857,0.264370145756885
-3.35265277633831,-28.4180656054489,0.197954915050012
-3.02631061968292,-26.4764186206641,0.216953267662294
-3.01066849429517,-26.3078026177398,0.191874521899267
-3.55190126901227,-27.4504417878659,0.181908885134814
-3.91042606652612,-27.9800053281671,0.166350416940128
-4.2216566285836,-28.1907185158051,0.14040608743551
-4.36162536899032,-27.3279059504986,0.137535777898698
-4.67992634600943,-26.6670801279109,0.113269893389411
-4.79213854196735,-25.7067217125739,0.100952583947211
-4.47094675422432,-23.7953020003736,0.0987620830851906
-4.3092002543427,-24.549978300446,0.152544897664583
-4.5605205841132,-26.7731451349368,0.23745375037017
-4.79165464447205,-29.0106020633179,0.353268168203016
-3.15426212448985,-26.8165151631022,0.464256031819671
-3.76796326641813,-30.9024365086667,0.30485086718291
-3.29105947263967,-28.071068458617,0.327841649550074
-3.05060283385807,-26.1292627812621,0.288888609496833
-3.58685516363684,-27.3566642091458,0.231696704407923
-3.94185013544846,-28.2785872783041,0.192573233906554
-4.15851822500454,-28.1572010931758,0.157504038712221
-4.07212559838839,-26.8667532713558,0.171928567168231
-3.94234855239583,-24.9462599639187,0.191780179433504
-4.7494236660822,-25.6849819330563,0.177894489524959
-4.64476635621583,-24.8289425975915,0.0948551855411764
-4.2044557696302,-22.3766335919004,0.144231592379349
-4.46162411696691,-26.0067210433852,0.228839383027808
-4.64941532527181,-28.3421521789615,0.287484739183245
-4.12906158203679,-28.4049096527021,0.40049606804751
-3.23446976484014,-27.7405319847195,0.405802307308159
-3.76437316704181,-30.8682427859199,0.200893953617451
-3.029501025354,-26.5084213497153,0.303752036383667
-3.59755972465856,-27.1854580290665,0.211815039820637
-3.84131936559774,-27.8984974877192,0.173878859669963
-4.08401720608241,-28.5699583003165,0.15855431103468
-4.11575058607231,-27.7658843632651,0.220695487503154
-4.25634257292471,-25.5310037709029,0.304219590221194
-4.41736580708629,-23.4849039673933,0.154819433024904
-4.37321175733825,-23.2157190241132,0.111697117830231
-4.43457468516909,-24.2958147484191,0.147920920602509
-4.55829025943472,-26.561486399968,0.221693702617953
-4.56272806457453,-27.6889899119828,0.255154084966575
-4.16940737162987,-28.7291778932179,0.336096086834763
-3.29446924724558,-28.0875057994021,0.357387640290061
-3.48259222206061,-29.1875540091457,0.192018963224342
-2.8581233615824,-25.4887830164089,0.285737773433984
-3.12386656407542,-26.0130549577982,0.19721907125382
-3.73303021815741,-27.7145961425333,0.187937234984635
-4.02538762771693,-27.7466196777686,0.179514534719596
-4.17392549972974,-26.9706144461445,0.212984487041741
-4.64342183356593,-25.0234588542718,0.211758470783319
-4.62079748468842,-24.6856322713361,0.0902182477595173
-4.50301642840607,-24.5959044847399,0.133092760521747
-4.26229593481901,-25.8322718300007,0.199107503352758
-4.25984018457918,-26.9598384952967,0.193530638905088
-4.06822869887585,-28.2433667842432,0.227286261596721
-3.54502022221568,-29.558888110121,0.209675000755349
-3.42227283415984,-28.8268786033752,0.14337323712427
-3.13402761191589,-27.1078039442476,0.171820770157717
-3.1227232170505,-26.8566197647297,0.160465690258101
-3.66635886549295,-27.8972989663818,0.16691253797721
-3.91959818021002,-28.0237004279955,0.167448055055108
-4.26417956729668,-28.1195512684335,0.151126923269433
-4.37212001666433,-26.9835073029043,0.149350605536539
-4.53996232519394,-25.0394727106405,0.152210719524868
-4.41917480235375,-23.4852673891327,0.0854854323453053
-4.31135595265321,-24.2434910549862,0.140481504005046
-4.34172862783503,-26.4395712904682,0.231856669364456
-4.43792510011388,-28.8344134376572,0.288911156175664
-3.32226265522257,-28.2008853259841,0.342087970326047
-3.4710403716397,-29.1250256689394,0.233386761878261
-3.09023914244393,-26.8673584266694,0.287387238177117
-2.82262956323725,-25.1048045056594,0.219757896426859
-3.50517025530818,-27.1645488812625,0.203243866761821
-3.8494483368188,-28.1278714419664,0.202602983350267
-4.08808204609814,-27.5477123294142,0.176636646202458
-4.24537850121255,-26.5250140690133,0.150696514236652
-4.52616550741071,-25.6019561099696,0.123955083107909
-4.537528845898,-24.1882376703115,0.0772435796157548
-4.66137611661606,-25.1747151093339,0.121420162757827
-4.50443362861707,-26.6146183089084,0.208998394814329
-4.4169533092279,-28.1259328064263,0.262855794287757
-3.53909350660133,-28.3518913079474,0.331124730298043
-3.27310968990315,-27.9534876801908,0.274383879104087
-3.02080311580738,-26.4426089530367,0.228425841055845
-2.65529551736488,-24.2731430542927,0.245381883801864
-3.17359401162405,-26.0555095950272,0.21948935777655
-3.68509488304121,-27.7442666353808,0.207293278881493
-4.05826431407764,-27.8718208685067,0.188637547350397
-4.24397898405703,-27.0616027855205,0.175885517468343
-4.44793611639983,-25.5254921768151,0.158855537462292
-4.69813141639736,-25.1453823822025,0.0876396957473998
-4.78725559703455,-25.683263982664,0.101445792521718
-4.42761639185634,-26.0471832805146,0.172611343212344
-4.30555116338833,-27.232796973486,0.236863741764468
-3.82389010056374,-28.7053790400002,0.280894008175158
-3.42800253726949,-28.8638512135264,0.217797192990559
-3.24104174426385,-27.7494543712681,0.186190329978044
-3.01425724154957,-26.4038383820914,0.192796305953476
-3.11153064197254,-26.9733362024888,0.186155003365203
-3.57506754045551,-27.5083485507504,0.182800282008407
-3.87011567209068,-27.6169404164685,0.173168324663963
-4.09370037135218,-27.5321216687327,0.162741305312162
-4.35436412380832,-27.3961952757217,0.144585851064635
-4.66150929192611,-26.7059232741338,0.127247376297054
-4.81844985946076,-25.8571143490479,0.0598878998690142
-4.71205562113333,-25.604391935453,0.110561576897347
-4.4836691365293,-26.6312823569301,0.168230263890324
-4.42828839124856,-27.9910782953089,0.239435476993239
-3.26805945515943,-27.3149682575219,0.340866034509256
-3.45079542369651,-29.0072092262517,0.232587375193645
-3.03727448894986,-26.5467277945331,0.250780945866678
-2.96009522571791,-26.0862438079594,0.22392577306268
-3.28242969510459,-27.0953727711657,0.202698437203716
-3.74434777891989,-27.8043674934294,0.190234699938419
-4.02154830886833,-27.8228105167675,0.177129103886354
-4.36351772167804,-27.8692732884966,0.156034939855516
-4.70919029261252,-27.1537821842768,0.11726485254458
-4.92913098188106,-26.515947304596,0.0617564141835611
-4.65031977368462,-25.5990228532719,0.0756200328566874
-4.27787508618423,-25.7590565493578,0.142176747517419
-4.32103351550358,-26.8082297246953,0.197398994257671
-4.4090332911436,-28.0847884010924,0.302720476072484
-3.64764886498286,-28.175370495915,0.443725403727616
-3.76635841083004,-30.8849704350583,0.252069648120916
-3.6035398505207,-28.9636855809601,0.307274451777863
-3.13368028101548,-27.1298426313842,0.295710735757758
-3.54930726495709,-28.0774571316416,0.249924156896791
-3.84913605716984,-28.6161964697714,0.212621680564074
-3.94709196210991,-28.1982486097444,0.185297806478762
-4.04665062076899,-27.6284605857522,0.186492505916209
-4.27623536948452,-26.9512427118385,0.185312494119725
-4.59092649060015,-26.0094203305263,0.161094663890434
-4.71848261183317,-25.2660828908388,0.0850456677023263
-4.4840950103996,-24.6410652619735,0.135570070397876
-4.53399500453896,-26.5750791574651,0.208473707012181
-4.43652761232684,-28.7366702225964,0.263310557242264
-3.45131675137146,-29.0028800624289,0.238265063475283
-3.62111519305591,-30.0080285989405,0.167105045709381
-3.31308967406737,-28.1757817627451,0.152065687105636
-3.15998694370621,-27.258769486591,0.148537558097308
-3.40095269609668,-27.4400816893237,0.155318277968922
-3.81659457801188,-27.7994844746101,0.163233343938314
-4.32445634321326,-28.716861949058,0.140894114731346
-4.52373870105843,-28.0599228679895,0.133260178939773
-4.66530187037046,-26.2106213888978,0.135130852975002
-4.72834832698036,-25.6784933078749,0.0871356547062312
-4.49666400662396,-26.0525473800976,0.119952641931207
-4.30908655260783,-26.8509360429539,0.182950415945334
-4.20312590571366,-27.5135634767767,0.226358975595171
-3.68532326881022,-27.1882399764243,0.301439279967961
-3.23401061585563,-27.7245161912205,0.280431186006543
-3.64863420575217,-29.9739758097003,0.228951735671178
-3.06918332983431,-26.7409578370299,0.279930540761996
-3.42813020825212,-27.4817909946884,0.23882878288402
-3.66789774695573,-28.1989587914364,0.202707873576954
-3.88149164767879,-28.3202475380258,0.17724688527294
-4.04598446961038,-28.0927509427448,0.160753190678403
-4.12580468883727,-27.2095472311684,0.162296710157673
-4.36387679707435,-26.3466394650442,0.151031982920166
-4.76579059415955,-25.8708441315188,0.105136993719995
-4.70936542118974,-25.8195071736466,0.0868612689675247
-4.35228728116521,-25.9437951142716,0.133844903788924
-4.40628656074789,-27.5161675387213,0.173233541739534
-4.35739560438349,-28.4099692254596,0.24868692086607
-3.21877811710882,-26.6053526630855,0.381045502844129
-3.69393900980423,-30.4517140374996,0.217923867906282
-3.52548863405119,-29.2643957338765,0.254349980722968
-2.98129494745543,-25.9337864775946,0.26244310460221
-3.54879012525339,-26.9191687778626,0.205426473577944
-3.87725164477705,-28.2340604374538,0.157379777345704
-4.06436397342486,-28.1586421036377,0.128658465845614
-4.19177715805249,-27.0102753937666,0.155801805170838
-4.39881364949264,-26.0433532218535,0.148412094059422
-4.56676407658998,-24.3684102910754,0.100324196745838
-4.53391352101131,-25.1795108216581,0.110935571660551
-4.3796516793007,-26.3336563922166,0.174982656298474
-4.47704430437035,-27.8959228314077,0.247926369047903
-4.12581595531671,-27.885916632941,0.345560414278572
-2.97197061492272,-26.1771064757152,0.395431860670966
-3.80727291287936,-30.8750384324532,0.256269803375389
-3.17690611709502,-27.3833443542675,0.30790946485173
-3.26563925872575,-26.5161967312026,0.265414061371237
-3.70259819803972,-27.7276692967015,0.212211828674211
-4.10009686924467,-28.8908458947029,0.169089289911833
-4.3150730155561,-28.5577465248633,0.151759363348152
-4.22638132046598,-26.6845514499506,0.182448283620031
-4.47565438429299,-24.0991541606753,0.170727589740735
-4.61382998372759,-24.6430994323802,0.0830435261666153
-4.47327666219922,-25.7589969475323,0.158197910128726
-4.39392458071873,-27.3567832379051,0.208429304401159
-4.12480208976291,-27.6891626436599,0.270476236084381
-3.00093499706458,-26.3208654318167,0.333746669981757
-3.57513438129932,-29.7405873610616,0.226475030041376
-3.2026301664167,-27.5351359831833,0.281060330683535
-2.95214877463493,-25.5838707700392,0.263789622312016
-3.44736394267246,-27.1858353100491,0.208540218770369
-3.74037633673121,-28.1768332980196,0.18040458340962
-3.99905511295798,-28.164808018306,0.165098119746372
-4.14878259016921,-27.4348496209368,0.182268736527434
-4.24590372691125,-25.7253104792256,0.191474190067249
-4.5551915619141,-24.3024884811824,0.138294583449672
-4.66679833772481,-24.9651350670153,0.128869715177016
-4.3550249099995,-25.7960489635974,0.163046223525499
-4.26980976870077,-27.1366619069042,0.185433614050527
-4.09277260104855,-28.0265837013653,0.238087830678927
-3.24772288485854,-27.7199693083221,0.258379744974355
-3.429369122868,-28.8743565299876,0.196812666296504
-3.21149819813201,-27.5775825467246,0.212272162918411
-2.97104059246905,-26.1495279693344,0.211653967767256
-3.56202570896946,-27.7908138639696,0.172037481811239
-3.99126718037714,-28.4794565670164,0.160485566250273
-4.17605580895053,-27.7732676987789,0.160159160436928
-4.39444850928344,-26.1525038411651,0.16574366645224
-4.77895713221867,-25.8594717949091,0.114447966922926
-4.65113189800358,-25.6772487334842,0.104760706781756
-4.20042504551213,-25.3099690489863,0.128414839132972
-3.95837037503497,-25.5996495228486,0.157346689520961
-3.87671831247055,-26.5646178582437,0.202976628634416
-3.75710718514737,-28.5374660310545,0.190798321529626
-3.72067097802284,-29.1196760306336,0.161344381893097
-3.43365900460134,-28.888212058685,0.13742358603769
-3.43459205899806,-28.8948356939674,0.14456999685041
-3.57463491658388,-28.8090796082999,0.14703978916744
-3.7665961285444,-28.353615656308,0.153247562120318
-4.00424509478102,-28.1558471227069,0.157174057294586
-4.20049113168415,-27.5785996236349,0.157046764206798
-4.3681648483504,-26.953875515123,0.145505771140922
-4.51099286311372,-25.7315626912335,0.135770244745615
-4.60688673441264,-25.0135467194973,0.104014160437896
-4.23897048858266,-24.8271536097909,0.111027558009695
-4.04081444747008,-25.3101912156873,0.16625162384775
-4.09212782855402,-26.6112856534612,0.215422448834432
-3.9187140734992,-29.0246043695454,0.212225105686464
-3.58374421454479,-29.7818118374035,0.159781486916996
-3.79705485934534,-30.6137659801341,0.0977559576297279
-3.54272592721289,-29.5413291175685,0.128403973975455
-3.97189173779529,-29.154398727494,0.146126521131655
-4.03712541125144,-28.3320471183718,0.156430401995174
-4.21676952160221,-27.7986383876315,0.168396754838991
-4.36443262901773,-27.1585549490439,0.148784982033129
-4.48185606917786,-26.8256028955115,0.118353996498152
-4.54673481844404,-26.1257374718406,0.112633396283527
-4.50523558503455,-25.4750000111595,0.126207382474966
-4.41325393529192,-26.3318820170579,0.155498677896474
-4.38701549073059,-27.3057281730913,0.178934849532389
-4.142027163266,-27.8904556350315,0.211332812911438
-3.74557152979158,-28.8523218945214,0.188979239041566
-3.7792747919073,-30.0651660058843,0.145882864711888
-3.57700370204993,-29.7374522543132,0.131424595278043
-3.66398111397874,-29.4793216792578,0.132546536033803
-3.80265094870469,-28.3418451289403,0.153897895420483
-4.07768909898894,-28.1588695329535,0.135386425467803
-4.27794434231116,-28.4672965514454,0.17485253565545
-4.41034989666359,-27.94459111129,0.16252423538557
-4.60254381294682,-27.1933774582426,0.0836585593943097
-4.40565912354353,-26.4677891068774,0.0743842067651183
-4.28790363457679,-26.0656874027145,0.0768218925660738
-4.29213199422337,-25.804095877793,0.0793813271817194
-4.22120013865562,-26.4719685723665,0.111923616709319
-4.16821583611165,-27.7378974805357,0.0880949973161801
-3.71861236473797,-27.1427880977731,0.150442258241477
-3.0071336905694,-26.3460613864665,0.0901838573340397
-2.94249243664603,-25.9529933356814,0.0522392949074001
-2.86096274556562,-24.6179917381943,0.0368931388363889
-3.28918708693672,-25.4589106560724,0.0869361392038508
-3.46944082919759,-26.5306514506595,0.100215697284104
-3.93485637097973,-27.6560543225943,0.166634623761342
-4.53019207294786,-28.6128942360534,0.213853447622657
-4.6929524891631,-27.9534980735134,0.239683827646698
-4.95470294579633,-26.6958563801864,0.246795682814566
-4.60067379672045,-26.4015424839629,0.198280786252726
-4.45183460859877,-26.6485033406592,0.202165715840933
-4.28870260142104,-27.6468460578795,0.241994346907767
-3.60294431216183,-26.5796120284048,0.229453690251644
-2.69287313453031,-24.4722566278686,0.0822268934121826
-3.17276317150801,-27.337216077983,0.127912390212805
-2.89621626416634,-25.6812214726852,0.0944544204734874
-3.04357916838477,-25.2770409691451,0.113329818332786
-3.52622189709165,-26.5678091196349,0.120281887143694
-3.83613727363973,-27.5020738864922,0.129395999249983
-4.13373859457846,-27.4374149196628,0.170310622341034
-4.44972169489962,-27.1242378703239,0.199672909444104
-4.83021032439824,-27.429821153123,0.212465555931202
-4.91343072745575,-27.2418842644374,0.223174197434343
-4.63354719580592,-26.860259897958,0.203845183710966
-4.28665345071262,-26.6279123089837,0.174965087753343
-4.07643000933815,-27.4391219727641,0.190988951050784
-3.67862531854898,-26.6801410418858,0.216794544806167
-2.61093851258466,-23.9818544604504,0.0445464106215886
-3.14585487178715,-27.1648875986637,0.08323049137132
-3.0144204645563,-25.959041998328,0.0923543683736314
-3.13585698148462,-25.4073959873631,0.082915597188563
-3.56993914340681,-26.4990467045022,0.0996607363537831
-3.83190873084263,-27.2344388744019,0.114220017609728
-4.16163425713507,-28.0532866230895,0.169409970067958
-4.25906013209422,-27.0362060000519,0.199814340950929
-4.61366056088758,-26.0834933430646,0.231686926095541
-4.76181007391844,-25.6398608572116,0.21403147949867
-4.48717433658496,-25.5947815748856,0.187103725247288
-4.2834517635604,-26.0261019669591,0.173570242981722
-4.28684996459425,-27.6191708664774,0.223011184257434
-4.0177190157437,-28.4602051203066,0.271309054591712
-2.71936550276201,-24.6235977612785,0.187552140395871
-3.25014777594756,-27.7920029512788,0.0902355694156453
-3.01519504666745,-26.3991161853668,0.142521428627108
-3.1843038906801,-25.6722832784,0.129569881662218
-3.63651548420462,-26.7172012359116,0.127961214663061
-4.06781471969132,-28.1363553277602,0.156102990155587
-4.31032413054977,-28.161147554295,0.217765758496861
-4.69644329344472,-26.0995864674838,0.257909833477758
-4.74801853252245,-25.4593139314175,0.220067121399073
-4.5432543452757,-25.9580057452631,0.200030811229382
-4.33733315834919,-26.6516937281078,0.182222567529836
-4.33238777554701,-28.4104922511067,0.195006849755516
-3.99301729018327,-27.5705307509619,0.197581558942618
-3.17051476004023,-24.6872554828787,0.202085066879805
-2.53720094694471,-23.5344748047747,0.00534484701458253
-3.10514402969123,-26.9334274108993,0.136619938900594
-3.15845602146646,-24.7593013506778,0.0931706591819222
-3.62368540879268,-26.471648498167,0.085825481337242
-3.8352014429024,-27.338882000206,0.109309458679526
-4.1022319061177,-27.4601931644712,0.191478108159221
-4.25852348555437,-25.4886895483599,0.266923908201261
-4.52928113965415,-24.1656923769951,0.254100638512389
-4.62583573795442,-24.7502998784475,0.303078878437115
-4.40365097185759,-26.145107171986,0.248364527015591
-4.35054836498277,-27.7124541562847,0.214018397121721
-4.28021495437184,-28.627029131661,0.192554858648685
-3.87879951889093,-27.2239169926855,0.227143007252642
-2.44742853987066,-22.984218788696,0.118815999922945
-3.0847492312068,-26.7917712779492,0.00123939244893331
-2.81696957886546,-25.1822833133782,0.114118284343953
-3.32011931873578,-25.0968374972901,0.108937951485231
-3.63487277053235,-26.8886585366848,0.084560333898068
-3.85019433991033,-28.1011907037198,0.105576162156093
-4.01146207229212,-27.5442600727081,0.211102539275733
-4.08709223823993,-24.9049217812376,0.303903137415175
-4.38241103737567,-23.3025248062284,0.325497557113754
-4.55509665724826,-24.3302620427197,0.327216212109838
-4.34576199660328,-25.7619357005575,0.247835256435826
-4.27330778766554,-26.8641077772732,0.180691272008462
-4.37196486385564,-28.6729177419388,0.17215254341222
-4.26785603888501,-28.488143965262,0.198635622624967
-3.50045113190396,-25.781246450287,0.261001922308688
-2.39073686636732,-22.6735450863516,0.038743179403827
-3.193578732403,-27.4648599470679,0.171593639123816
-2.99324143406813,-23.694054842479,0.11562639057605
-3.62681252281908,-26.3200689862564,0.110833554571932
-3.6716871014865,-27.4018873989755,0.0763383097072075
-3.96978836444679,-28.0657756334743,0.150427537433129
-4.03853609999098,-26.1046535486211,0.270508956028158
-4.41763309663667,-23.5181289779933,0.347310981013253
-4.47387728823238,-23.8475015648446,0.348920701085768
-4.47254700091356,-25.4677563127373,0.233388924620677
-4.23117257197357,-26.621996410792,0.18276093970825
-4.25438854680994,-29.3938689977759,0.236869826059115
-3.64500751254375,-26.2139731528205,0.246306566237249
-2.39062377362898,-22.6724106612547,0.035666357378256
-3.1997729967042,-27.5041905759464,0.169685977186421
-2.81436472123985,-23.822424422825,0.0970524360470474
-3.46299182180196,-25.2819830088799,0.111820367552404
-3.56543824168678,-26.5963594847674,0.0802706627277043
-3.80863115404436,-27.9276070098262,0.100061571683874
-4.02925886955164,-27.6670958288826,0.140007584009843
-4.18118631627831,-26.1505798490366,0.200758383449963
-4.3764308964331,-24.8243072064651,0.234890660549281
-4.58806000648503,-24.520023069195,0.284743535553214
-4.59915786175099,-25.2901528666264,0.248375704235947
-4.33821328616193,-25.811393925306,0.177559522752064
-4.37919671901017,-27.3238349743558,0.186452614394125
-4.32287910325499,-29.2175539505989,0.209911913732913
-3.6325407215098,-26.1622850815668,0.248987171451094
-2.38878027230486,-22.647996678435,-0.0355619383822357
-3.31016165591528,-28.1641935032042,0.190955343532215
-2.85446053422654,-24.4272390111819,0.0722734611417955
-3.55546201964685,-25.6504463102082,0.115056315786469
-3.76880265228017,-26.7507416247039,0.110614919294896
-4.00389791899511,-27.3137123512038,0.152148856227513
-4.13108705924237,-26.4361431273538,0.226516293482695
-4.71543827743298,-25.4749765339042,0.25478783852473
-4.71723297078638,-25.2822733750702,0.242551324101399
-4.60653532059219,-25.5329072706374,0.212052445607456
-4.3778906991342,-26.1544638494837,0.172986186009131
-4.34136769219965,-27.3933596147008,0.18105563523074
-4.29804622755107,-28.5986914216421,0.161413369882819
-4.0994304729583,-28.1456155234951,0.141732461664225
-3.72093881455005,-26.731534794132,0.151000783838079
-2.96173996697042,-26.0726486623605,0.0680500660538177
-3.15422547483211,-27.2141883992567,0.0430565001810488
-3.05330456774886,-25.7817779907131,0.0922850603057824
-3.3743200583347,-25.9991112471934,0.108865805575692
-3.54083145482453,-25.9151734659863,0.122683037041426
-3.75490830860501,-26.3202568759267,0.129425615113252
-3.92614821722677,-26.4570894105495,0.157464072111361
-4.38408325835948,-26.2711633487584,0.263599772913217
-5.14419569653738,-27.8342832247516,0.338168237700451
-4.77868005132092,-25.6551614282682,0.291070817550775
-4.50122035458823,-25.9544395111101,0.187060867928335
-4.23280490168806,-27.1594042111132,0.240395539964787
-3.96722659647904,-29.4221348032012,0.330698691578362
-2.4266371063119,-22.8959686566344,0.134336204514304
-3.15350854870917,-27.227965632333,0.144936753052984
-2.88434651276761,-25.6123014856536,0.0690092380524767
-3.22414506352261,-25.6206403686354,0.100739123371839
-3.58930187989121,-26.5839087434618,0.118224895032385
-3.86687880897972,-27.7232794497451,0.14540703577348
-4.18004288556158,-27.4801463838367,0.201369371999778
-4.5518523959122,-25.9454471075527,0.235401480750397
-4.79894871825461,-25.7709304503995,0.258873843389666
-4.77363962547969,-25.8967632676469,0.22427084606419
-4.45085186971219,-25.953797917253,0.174475422989014
-4.30431215769368,-26.7275432313291,0.175521267500779
-4.30459507285259,-29.118022830213,0.198013501734913
-3.83585065377575,-27.5465412218654,0.179529635819204
-2.44384107779385,-22.9746069467586,-0.042238767288217
-3.16780278603002,-27.2911120362763,0.0357201066414388
-3.06131673381447,-25.1294405211347,0.0454680080759375
-3.73694699783271,-26.2999477896889,0.0990978072156887
-3.95388698580174,-27.1892264280446,0.0912112646101675
-4.11539980221017,-27.3518809260898,0.106650316300954
-4.27980917254878,-26.385018052774,0.133988386648254
-4.49339961757753,-26.0689964667532,0.193446317188694
-4.83497448840442,-25.9836535239411,0.229599413877889
-4.63695670146236,-25.9802404580303,0.202173313897727
-4.42792603734218,-26.0589304151267,0.165018820966632
-4.2522385850353,-26.4973073556528,0.172425400215787
-4.2497472992123,-28.8472642436076,0.274088017213915
-3.67353475437832,-27.1105596904141,0.214369704671444
-2.83851096396417,-25.334006422807,0.0502582921251921
-3.33517313129625,-28.30291540027,0.123646133859239
-3.08211763872724,-26.5301627901644,0.0917368038439962
-3.45590350316526,-26.8768747476213,0.129227921074855
-3.80945313423517,-27.6014021921264,0.156700145947223
-4.03121991807251,-27.560253521668,0.159802913846343
-4.14047028708566,-26.5670322799955,0.174728157904315
-4.51727309938467,-25.759945024633,0.204712022255608
-4.81561756584484,-25.8642687746638,0.219931717405862
-4.63541710455502,-25.8187324959545,0.180450251780704
-4.40378154416456,-25.951625658186,0.149700816885416
-4.27359896986282,-26.9725899980326,0.156114362704806
-4.25541279314267,-28.9181239544279,0.172040123687514
-3.72986538226425,-27.2364494741577,0.107609292767567
-2.91465750053136,-25.7763743266203,-0.021101632951904
-3.3966917119919,-28.067174226655,0.0506932320600973
-3.52038084626335,-26.6534972659244,0.0581474644608853
-3.95997943817166,-27.1388061798152,0.102402188840635
-4.136141722877,-27.4865097574296,0.107788856727627
-4.33514698822937,-27.3915143718022,0.121012011844671
-4.53179691451485,-26.8979563418623,0.147424526425885
-4.67395792260466,-26.4766772960929,0.16662133662381
-4.52954475033721,-26.2246646293703,0.147191841592153
-4.34586393212769,-26.1278690134226,0.124908065021109
-4.26735998297325,-26.0850503417392,0.137316548354439
-4.0682940356497,-27.2224391464386,0.228744074208184
-3.43202028209627,-28.7912352236126,0.108095126995158
-3.56037667917283,-29.4024164140166,0.0666859495352154
-3.64332788242006,-28.2502667088607,0.0836943829322191
-3.80168065185447,-28.3557667335078,0.101136662460469
-4.01265742415831,-28.1300320422999,0.129941422633445
-4.20565410477914,-28.038972393607,0.131652793962596
-4.2211133206226,-27.8326023069609,0.112082632812006
-4.21621932356953,-26.9476276995288,0.112251992230388
-4.25094171992043,-26.3700794820113,0.130329416550137
-4.42954782479934,-26.1343349036997,0.143233579481772
-4.54004488204477,-26.0118223111614,0.133935509972204
-4.52586012938602,-26.3779416666429,0.137209008274194
-4.40282666531902,-26.8871950848369,0.166654547498192
-4.16753541492172,-27.9531713091781,0.188197144131619
-3.71619699676958,-28.5141949233845,0.0939152490652393
-3.46908464079181,-27.9354418929861,0.0557230832974755
-3.5908242311178,-27.9288054413894,0.0784822129871533
-3.55622755586476,-27.6375676405765,0.079818811857929
-3.72830408382715,-27.634892944788,0.10173709897237
-3.95381206107007,-27.7682115328697,0.107222207139598
-4.11703418229736,-28.0626648624407,0.105246038078815
-4.18458940564136,-27.6694813801572,0.105271004772689
-4.28974326308949,-27.3282398822883,0.119743723786513
-4.44809733489524,-27.1447937887364,0.125054754665015
-4.52194240557318,-26.8114672720517,0.127380583662745
-4.56180658442395,-26.7641587829515,0.126533391474943
-4.39808852179394,-26.4856661341945,0.125744181342354
-4.31519721436719,-27.2111499673209,0.18848064518753
-3.91942076943071,-27.5386706489549,0.198822069925328
-3.15362978100356,-26.6812902986685,0.103208934930514
-3.27247077190882,-27.9242751505792,0.0865713916216601
-3.34729819802102,-27.0415509121984,0.123704524666738
-3.51667957989903,-26.8439407466962,0.112540817389789
-3.78192657486353,-27.438352513049,0.124777066145845
-4.08783564810511,-27.8833273806382,0.123089460561829
-4.09097789085657,-27.607654907485,0.0932645809864827
-4.05556482767633,-27.0725165316936,0.0838999319426782
-4.21464549868773,-27.0260419167615,0.0900426004801524
-4.35791692538184,-26.8329461402555,0.0955255895338273
-4.54218068756823,-26.8382018960836,0.110225451685648
-4.64307217171203,-27.3743467383872,0.124240421663534
-4.49777393950595,-27.2135791944111,0.122413858381039
-4.32268188583657,-27.1742113123663,0.142293981070351
-3.89887134836694,-27.0027944717873,0.183940797519719
-3.13055325730886,-26.8577265085518,0.114936906013752
-3.27192920722173,-27.9211280983232,0.105479146350296
-3.10414033588564,-26.505167656151,0.10067970907609
-3.32343395188558,-26.3950878411266,0.0920585438426685
-3.7073191449119,-27.3708791665501,0.131161754394316
-3.98330854742972,-27.810395328832,0.138722080298707
-4.19240172680204,-27.0465673561445,0.152101214462259
-4.48620961202955,-25.9737197307815,0.174780300023679
-4.74767014330056,-25.7980095650409,0.191102803832757
-4.70268122483028,-26.1830110551787,0.161702988518778
-4.34507253090455,-26.2086767508589,0.142837447708922
-4.21384300473267,-27.4571525997049,0.198228428930302
-3.92814125107234,-28.1116142312564,0.212198523607297
-2.83698315038234,-25.3236855280761,0.00524352497144276
-3.45122977293175,-28.3394134126111,0.0888048352708788
-3.20462192376496,-26.436979177968,0.0593630880433221
-3.55497258343661,-26.7917983585408,0.0865728073820964
-3.87289175081813,-27.4249567043685,0.108393798115818
-4.08338472749285,-27.802764838824,0.112273739176853
-4.25031850535749,-27.6861975612901,0.112678980092264
-4.32415549495887,-26.9719150047088,0.115651556683595
-4.42174720188173,-26.6386097046489,0.133282858835527
-4.55737614317037,-26.3889371488625,0.138363389158531
-4.50652834340766,-26.4126136962921,0.12285133816671
-4.42719770010618,-26.9448757947148,0.118249978352065
-4.26155414801119,-28.2961812163008,0.12597290091498
-3.74131894930396,-27.4631734456805,0.0604153795328105
-3.62201066390425,-27.348100530891,0.0133084965086853
-3.41095305034883,-26.6474607291348,-0.00369102123397466
-3.41608904695369,-26.5342152235739,0.013131046917815
-3.70618424386777,-26.8266171291772,0.0449129775629261
-3.83324280021301,-26.9087834812091,0.0621783652290513
-3.97150769811984,-27.2120243328194,0.0780174527167449
-4.17143131567016,-27.1462588440322,0.102430318808237
-4.35798155056407,-26.5742283619487,0.135156504559074
-4.6918194644739,-26.4209015948344,0.190637731565674
-4.83149485987246,-26.3428363916107,0.185331924882143
-4.59377467710701,-26.2937030856265,0.157949359973582
-4.27651384034081,-26.4416431172391,0.16364669397951
-4.23993115508136,-28.4467113219628,0.220239422246107
-3.73245391491638,-27.4544537505192,0.206682145056664
-2.87062659481314,-25.5252896504394,0.0331537488179296
-3.24860398161733,-27.7801704888171,0.0909956986167946
-3.15411362495019,-26.1100436430142,0.0857551169861186
-3.6203982084411,-26.8077557507798,0.119366057484141
-3.89948478197849,-27.3219953494961,0.115701395057365
-4.13569691086814,-27.5712445282618,0.119744386040969
-4.27122874683725,-26.8232350965431,0.137923650771574
-4.45183385988086,-26.0887771331378,0.170300838061194
-4.67528198729774,-25.8365060942657,0.190116866142803
-4.65806278338148,-25.7926966090037,0.17614923511087
-4.45352280091561,-25.9732833812929,0.161619504492506
-4.36759423051643,-26.6505680205498,0.189160441735221
-4.28133307306271,-27.8582952739608,0.232218954571842
-3.86222828160098,-27.7349490419514,0.260426939064264
-3.06073042272347,-26.662556328899,0.110958505799196
-3.31345300850864,-28.1707686241947,0.122638534445876
-3.05208784071014,-26.6132464759171,0.106642535268583
-3.27129192153247,-26.8758702991178,0.11985487143434
-3.54974677325923,-27.4397566435737,0.14091814318303
-3.89814049675048,-27.4819163413386,0.186020535447184
-4.147890435649,-26.6832676531428,0.176741119189043
-4.6141300013605,-25.5221278103344,0.262272561588927
-4.73404901863268,-25.3852955525924,0.262329276345628
-4.65907919309132,-25.4870921889752,0.215163125485857
-4.38235125499253,-27.0378430226297,0.234591876948632
-4.02547433403451,-29.6214035552864,0.268965308122335
-2.80020323055316,-25.0997610234888,0.0265684258201257
-3.17624949957418,-27.3430112178337,0.0466616797723014
-2.86728152733549,-24.9953067785294,0.0377391577007433
-3.54698190632984,-26.2771377844203,0.083086121934107
-3.84677548653546,-27.3839003307447,0.115982266114912
-4.16225511557465,-28.0622335583082,0.149210708548952
-4.33017908621296,-27.3235318890515,0.159352168373791
-4.59992232182204,-26.7498570074186,0.194213354528883
-4.8199600393887,-26.5976467129724,0.224921004093868
-4.61756603069675,-25.7640473148701,0.192666305019001
-4.3753165167561,-25.6008022120129,0.154789050159283
-4.36597817293092,-25.9422366029076,0.169375977754953
-4.29162468169382,-26.3323686453609,0.21620629630423
-4.1017583796308,-27.4332064062865,0.380064310664812
-3.19616782923191,-26.9575358756619,0.31272164670256
-3.29211438544235,-28.0470027153479,0.14396452376331
-3.23209270001795,-27.6915988856725,0.137059810581638
-3.22884434845362,-27.0119677164514,0.152485551072873
-3.70364534707527,-27.690380352566,0.198172513729789
-3.94328575237011,-27.8656879313182,0.19908847134452
-4.11075448396161,-27.1947680388275,0.182203254601318
-4.24863771475731,-26.390223538999,0.153548925623474
-4.46423915332386,-26.2103782682693,0.157589763122048
-4.69638207004058,-26.3724343869229,0.18350266187642
-4.6552946466895,-26.233649990806,0.170239030661977
-4.50788313833618,-26.1122218989901,0.164787395864495
-4.36686713613684,-26.4335030689923,0.188167037951294
-4.29000048841137,-28.8653129229468,0.362215868228874
-3.0605603898453,-26.5908044556362,0.209944474134583
-3.3190484373751,-28.2050098390621,0.128961288525042
-3.10374500385673,-26.9280516038249,0.137869879326177
-3.27108333156034,-27.2214397810015,0.131170838696134
-3.66295478050219,-27.4727525262292,0.177319107081986
-3.89630897278089,-27.2742579475012,0.18111033378514
-4.07949301892377,-27.0821157895597,0.174263368785518
-4.23128110237861,-26.4701812797564,0.160281034468255
-4.51004068461663,-26.4824101498477,0.154341565697978
-4.84458937805828,-27.0756598030713,0.207580672056546
-4.90992609927653,-26.7257647518052,0.197668982403342
-4.62842197117443,-26.1567974573909,0.171657154586127
-4.43420932239477,-26.6779898301419,0.214388880501412
-4.33083541688022,-28.8167822720407,0.259496417609928
-3.53439247105193,-26.4458847571249,0.271775972599983
-2.99934783392877,-26.2898481486686,0.0242679187596015
-2.91957856201693,-25.8230013732165,0.0945432387625335
-3.20866395914595,-25.2356773544567,0.099442776888583
-3.59589133194287,-26.7618909796234,0.104683641870728
-3.85791060982242,-27.5892469657881,0.122964750345276
-4.12843841681442,-27.3533380336995,0.132941065955736
-4.31738971982735,-26.6310862286927,0.154905590461374
-4.46008157422819,-25.8074163144732,0.212939247169966
-4.65877592884347,-25.2401480395045,0.219035586550185
-4.56687429599753,-25.1353861184776,0.184276192734916
-4.46694172772785,-25.632711845392,0.174982190170609
-4.39208689613691,-26.1770745296824,0.183947094704252
-4.54544317858762,-28.4153630580996,0.206246270960374
-4.6740636395552,-28.9891737269291,0.254940455084173
-4.55997632849302,-30.6000901203448,0.18761744555221
-3.59841876550051,-27.6263295644738,0.098293224920299
-3.22091930049426,-27.6077944427707,0.0399810761897143
-3.40610952537558,-28.1010562093167,0.087060224053781
-3.83519526057561,-27.533127604878,0.11610278617539
-3.88952498508108,-26.559161067354,0.100344901476942
-4.19316401989038,-27.1320170249479,0.139346931908374
-4.36645309708221,-26.4994293928902,0.183948483599119
-4.78732466969206,-26.2168513894278,0.214026336169753
-4.82150265041371,-25.8941256678868,0.203942021507735
-4.5603730217642,-25.340064210847,0.168543377415409
-4.40764610115403,-25.8265438946162,0.156454306901687
-4.31001639186853,-26.9103081240148,0.173759922072581
-4.12339222048989,-29.4396866251764,0.198291094852741
-2.63781386883455,-23.8221049765081,0.0301883288160935
-2.84731182495059,-25.3817011556877,0.000716321688542576
-2.81372018124878,-24.7114790935464,0.0308761692448778
-3.50624159293449,-25.6781359720987,0.0617458968704837
-3.79764002917584,-27.3482847483785,0.0790113268203596
-4.08655645484211,-27.4582260647875,0.100727598018694
-4.36337635952367,-26.525000784106,0.126753641768912
-4.55410106198945,-26.1140344572584,0.165757826912471
-4.78150940716649,-25.8673242355269,0.175993554526663
-4.62853458029141,-25.8726044591601,0.149986130454122
-4.44505872158914,-26.3662425497293,0.135311084160068
-4.28842985586693,-26.8040567735982,0.119217105043124
-4.17994093212688,-27.3921791582923,0.0975223212986216
-3.92211407730951,-27.6438907587035,0.0572134351823102
-3.25622782407529,-26.941907867132,-0.00193248502126353
-2.82082660068969,-25.2158852427925,-0.0541425352638319
-3.06296873425717,-25.5464209137326,-0.0195036730415964
-3.62590615039552,-26.5348447683323,0.0325177514096585
-3.93773451307525,-27.1802222506163,0.0644989396259702
-4.19448340246751,-27.245791939442,0.090863328587865
-4.36830900049892,-27.0313063517495,0.122218235200983
-4.62735011593689,-26.5606009194342,0.163697619448759
-4.91202151061459,-26.429132180182,0.161664611660737
-4.77590797666143,-26.6903251841013,0.14217302150239
-4.52071885885623,-27.1004474755691,0.133003315270623
-4.14957784351846,-26.9536213774604,0.108373792158644
-3.89868298488361,-27.2324961917969,0.0846200400521057
-3.50499013853926,-27.0343771604819,0.0604124767526259
-2.82189720258994,-25.2307280222499,0.00234211907561391
-2.81331448030624,-25.1756462418237,-0.00601572933228894
-3.41609117439026,-26.1592835386094,0.0351291858573863
-3.73930382976594,-27.0985008992324,0.0467648667712693
-4.00645056476476,-27.5890919874014,0.0645604678425382
-4.14573452369584,-27.2723063276446,0.0846371654924745
-4.25090387898755,-26.7446529274715,0.107359649602491
-4.41149461013805,-26.2741984089702,0.135224449965075
-4.66177024573232,-26.0560055447394,0.146342157727631
-4.68240775742486,-25.8514837884601,0.136154872657977
-4.52842398068711,-26.3208185850815,0.13324599627317
-4.39442886793319,-26.9117714345612,0.129834430405856
-4.3132915661929,-27.7121511057381,0.125337918492142
-4.15977416852214,-28.1242752784386,0.127457997608459
-3.47388637888854,-26.0714760092008,0.120574530712734
-2.73150010487654,-24.6978437446776,0.0171257740444684
-2.8349922243659,-25.3137569130315,0.0548382310199548
-3.34765446344821,-25.6494727605694,0.0688823163197605
-3.50325560713212,-26.7462353031369,0.0488735582885447
-3.69412437559228,-27.0324715625424,0.0550469235721195
-3.97383146719709,-27.0373730465357,0.0915159361946921
-4.22094519629482,-26.2905841629796,0.127605388334314
-4.32488207736838,-25.9362344189226,0.139775269978644
-4.3161512979231,-25.452384188089,0.150175819708264
-4.53975163581505,-25.0819659331927,0.186171694713007
-4.77891186403789,-26.1170490929253,0.176882245318205
-4.51534749644609,-26.7135188022436,0.140921664948011
-4.21525180131413,-27.3492915301506,0.104295743171198
-3.77846619299582,-27.6448246509223,0.0556006018899168
-3.03377654453799,-24.8943562966721,0.0124122452837489
-2.49357970212758,-23.2651628572321,-0.0597587588561194
-3.26342209640416,-25.0950852894572,0.0270857003817019
-3.76010736534407,-26.3900910159985,0.0574486290315992
-4.08503994588906,-27.0462247705581,0.101488586601802
-4.33561897111256,-26.5589644048128,0.147392213661941
-4.78924043950881,-26.2442424022766,0.210204662682399
-4.94732554261713,-26.6451081926027,0.201111425031607
-4.62180238701155,-26.2720096044212,0.153170853977913
-4.33191180256214,-26.5504703739593,0.127380137390074
-4.29461200099746,-27.4543973466937,0.123455581498687
-4.02743612320607,-27.7457655159348,0.184593320659212
-2.59130364519005,-22.6533828193289,0.139199051137657
-2.86206293080583,-25.4817925283563,0.0828649405544987
-2.92468240134399,-24.2009302456597,0.0482815878062265
-3.6958078735665,-26.658007604903,0.0686869915599978
-3.86619641300542,-27.5830815264702,0.0476882235166532
-4.08049231075409,-27.8711385443319,0.0570257090738871
-4.20048119175913,-27.3846261027956,0.0790826961968144
-4.22849912321086,-26.2320535051807,0.118785277672542
-4.29905961229481,-25.3179380325627,0.152710758950635
-4.47562449171082,-25.210985250599,0.148081574192692
-4.48167851201296,-26.0488766998584,0.119318907320047
-4.40120058971538,-26.8617758956927,0.0985063598414488
-4.40363336440283,-27.5505248953178,0.0841871855919938
-4.28356271762848,-28.2528280857225,0.0867137035657287
-3.72252041967621,-26.1935697838599,0.0726015916445097
-3.14332965459524,-24.7459936758287,-0.0213398847134776
-3.41294011478753,-26.0448678322316,-0.0136569693205461
-3.71963236076084,-26.0649604342183,0.047601047704655
-3.94127384796193,-25.3768589991441,0.104886296442644
-4.46654661211661,-25.2132924606304,0.173837491881959
-4.89558640672901,-26.3299312240391,0.152250691502642
-4.51252057652651,-26.7006593077389,0.148920154546361
-4.25954544790916,-28.1286496819784,0.248354785165676
-3.1536091104758,-25.6285887425288,0.20915488033564
-2.94463956990344,-25.9672246203248,0.0251328322924576
-3.06465040983513,-26.0224514771853,0.0871428916794065
-3.34726015467918,-25.8480157779987,0.0645026328649788
-3.61289111121985,-27.1902797484158,0.0775597275436448
-3.77341710407587,-27.3867246621089,0.081321660095118
-3.98680925447382,-27.4609492282617,0.0814109010201835
-4.06513729973019,-27.0797246139876,0.08355442500978
-4.17707293199778,-26.474279444202,0.129135094255043
-4.27342109122284,-25.6320548484659,0.153197250707321
-4.51009251265891,-25.238380312481,0.178282276358048
-4.59566601038158,-25.6100614104408,0.145230637740523
-4.39652468550984,-25.8033480489482,0.130062190937195
-4.33396369248489,-26.4040363068397,0.137311546108712
-4.34289785241694,-27.6981015285857,0.164120023716288
-4.04519130200815,-28.2290574243732,0.18062352407932
-2.89656535342726,-24.7855499299539,0.109831715658641
-3.01263187892816,-26.3720373517263,0.0636681913484319
-3.19031434787738,-26.6903831552795,0.0707202443433712
-3.58115746160639,-26.4394728397701,0.0857800226651306
-3.85836070135491,-27.2861359130592,0.0906288206716899
-4.06452372672238,-27.615539359412,0.0908138736772658
-4.18599294898321,-27.3331626232541,0.108226720382833
-4.24203806399933,-26.2321569725657,0.153017561549626
-4.61896590855458,-25.8950276509179,0.200474421048556
-4.76103940662717,-25.5770643086139,0.175672331158076
-4.47744596510546,-25.4990817557268,0.137463408524469
-4.36572265098781,-26.069356495159,0.14348784519186
-4.32965947834537,-27.0088921636227,0.162247312292298
-4.30553250396979,-28.882139506374,0.171192439323009
-3.8406069538033,-27.6069462252833,0.154284607503377
-2.68231773762188,-24.361888600242,0.00441593661154185
-3.18998718426976,-27.4279159259075,0.0493588701597782
-3.29235135233786,-26.1740976974542,0.0542004437346301
-3.55424063046097,-26.3007389677266,0.0629341765221306
-3.78676988901782,-27.2179443867713,0.0645966641848016
-3.96426258987864,-27.5994616670463,0.0769805076865742
-4.1362958226502,-26.9306221679862,0.113778479833987
-4.391000192315,-26.311787836671,0.149621755680286
-4.65354883272951,-26.2652985605224,0.174389558147551
-4.53919606615072,-25.6652212484721,0.157686103365198
-4.36614156614497,-25.476072688269,0.128943491766857
-4.31641739011089,-25.6702797749815,0.119775101126818
-4.31503144227358,-26.3544368639622,0.134288996829611
-4.22456310596159,-27.7279486591892,0.161039947203469
-3.45892522660456,-27.1414957669116,0.0801509326736781
-3.1878553859931,-27.408350316253,-0.0149232330759491
-3.11339188093006,-26.4918411025513,0.0129788085868019
-3.48381293779802,-26.1500134699065,0.0479376896926142
-3.77108930742168,-26.6052779705115,0.062485282309854
-3.960357469213,-26.7203027582384,0.0766957612311731
-4.07298460107481,-26.3142666680869,0.0990061338261258
-4.28521801344372,-25.9609782031349,0.147907538800355
-4.6610972658052,-26.0492715486778,0.183361832633103
-4.76545356840729,-25.9634995136057,0.165621076553334
-4.49356019907667,-25.9645621989886,0.13505943393206
-4.34598181306864,-26.4525916802044,0.131543549492544
-4.25233459423917,-27.4033489860157,0.134902301417299
-4.04141920641404,-27.9673522672335,0.131656058183759
-2.98207324717239,-25.0505279099551,0.0122395497333392
-3.09611862700088,-26.7842248312243,-0.0030932816837565
-3.3457078786325,-26.657902111099,0.021913353173759
-3.7120084471929,-26.8554129050388,0.04267015910387
-4.02847575355361,-27.3943862708776,0.0647689229892724
-4.14566682416448,-27.4845849468737,0.0668424750421047
-4.19612127048693,-27.3509342672988,0.0642260777096795
-4.27293259211836,-27.1688377161803,0.0736006046780336
-4.32710241098684,-27.0423954781283,0.0821002629202049
-4.34550451738847,-26.8036398585903,0.0796065967730579
-4.29377117406577,-26.6332341054387,0.056949631372823
-4.10039615807982,-26.7646382928733,0.0447125595891056
-3.78370199736961,-26.6270180848791,0.0200186422220335
-3.72794096508701,-26.7001987976103,0.0140568754847248
-3.76374997104467,-26.3505950230199,0.0177727266548402
-3.97884154589384,-26.6156890011139,0.0449278310898183
-4.24210179685929,-26.633672606679,0.0847608456777735
-4.51739771908708,-26.5534057975764,0.114944403732658
-4.72047566703814,-26.7413137858159,0.122472813276106
-4.43551823310801,-26.2801676304598,0.105572000069681
-4.20777764652839,-26.3210634794439,0.13527818880363
-3.98502100751451,-28.0623834949603,0.204608481321571
-2.93903648299515,-25.9128886159771,0.0323968814447582
-3.22805843368389,-27.6515818732071,0.0118995882166239
-3.34405805533449,-26.6541142218227,0.0436977116400098
-3.68515953235788,-26.7465030279508,0.0871146720897402
-3.9704799267286,-26.9714749176421,0.0980421475508695
-4.10560696455833,-26.7117633114254,0.0929165865686886
-4.28509722903502,-26.2268729113848,0.12153839835236
-4.73105651429701,-26.3254315532444,0.151274161398546
-4.61777610932713,-26.1834122950257,0.127163957454464
-4.34530540122646,-26.2565035157367,0.102730651034042
-4.22684727542653,-27.1560776156484,0.10482270548319
-4.09445977252536,-28.0029547621777,0.105667286749096
-3.47740185010865,-26.3797178382614,0.0482210172576745
-3.06907168298677,-26.3529578971761,-0.0199584562996681
-3.41213139681613,-26.7002340429634,0.0252994367180229
-3.56698580059837,-26.0717151725386,0.03680851246005
-3.74523406066825,-26.3634240836315,0.0463046435816294
-4.02030652857886,-26.9298145485562,0.07098164572184
-4.19473706242576,-26.7810005230212,0.0928123242249794
-4.33351874389724,-26.2230146857197,0.126136745484196
-4.56168998870304,-25.9648399268921,0.140116763598408
-4.61864225983729,-26.2385089087907,0.128808743074735
-4.39719455571352,-26.2819407838099,0.109864473095798
-4.26167630307753,-26.8385146158542,0.103331674269253
-4.20957884507427,-27.2537516881285,0.0973235451692982
-4.07350410142888,-27.4279720688719,0.103875011909729
-3.76674576369103,-26.8197728107154,0.118637661848536
-2.83122097098832,-25.1517162602049,0.00765004746906449
-3.12020349858731,-26.9601102040641,0.048454963031095
-3.28043227715159,-26.0846649748538,0.0412084985356656
-3.57983815430489,-26.5695841910241,0.0668136577951215
-3.8290919000087,-27.1474974139556,0.0880894633715432
-4.06915550193676,-27.1782499049552,0.102444043914804
-4.2748979518909,-26.6015422087567,0.134157203590894
-4.64699622284664,-26.282443926642,0.180491447361962
-4.84083980905916,-26.1680176464601,0.176891725428477
-4.55367955574316,-25.8618005817784,0.139055713852689
-4.33153169521923,-26.2554296354244,0.126559412860637
-4.25036319153611,-27.3098744749783,0.142118983795171
-4.05959991379582,-28.2810900142368,0.158432264574422
-3.018348140876,-25.1856780350253,0.0449234192106858
-3.01663290794837,-26.3861816077397,-0.00074425303028175
-3.20070942309722,-26.3627183317602,0.0323892718744123
-3.57705840973206,-26.144461049455,0.0486100475454399
-3.74769091365789,-26.9618666969781,0.0547930522822132
-3.92537796629981,-27.2538681309342,0.0700945266205623
-4.11152787958869,-26.9558547867843,0.0864713003955623
-4.2958556915831,-26.6459530691358,0.114274972707035
-4.5355366675797,-26.3397853083722,0.161614609940398
-4.69734734789425,-26.1318258986341,0.160887990279111
-4.48988491500165,-25.9463790128991,0.122812387284002
-4.34412814492094,-26.3921434193362,0.114986612293526
-4.27717865863595,-27.0780768444993,0.109966457535568
-4.21174589002202,-28.1610001783656,0.114537354619448
-3.71070614533275,-26.9575028003642,0.0939040593914288
-2.7706170643761,-24.9074104740885,-0.0453719041312194
-2.94903804088266,-25.9849051659488,-0.0130635085435542
-3.43286182096857,-25.7917786720947,0.0304813782728601
-3.79667327349998,-26.5213208709453,0.0524537910791212
-3.97321605777192,-26.6912783452526,0.0725717413365362
-4.17147538970966,-26.4759659421512,0.123135774669263
-4.50028437397375,-25.9618991583122,0.200294931595728
-4.81750692787525,-25.8731952257156,0.222902734392023
-4.60463091666493,-25.6867260961861,0.171878333208191
-4.33451628268932,-26.0701081475514,0.134740942061812
-4.28382146872251,-27.7339557755446,0.151260314247253
-4.02836403954012,-28.5300018932422,0.148713928949342
-2.90432893593896,-24.7855230018945,0.0225692017944659
-2.91899024953862,-25.8020533399971,-0.0217739210608633
-3.1388707211989,-25.4530572600678,0.0285005898769807
-3.66149621394464,-26.0993196823232,0.042696727912852
-3.82429166636717,-26.5737917609425,0.0429716278694567
-3.97869460164404,-26.951867860682,0.0648185179821502
-4.1332998783809,-26.8632698888295,0.0780990030212297
-4.22172569071158,-26.5295540046685,0.0700467825386032
-4.24656882920002,-26.5906190867077,0.0806960258577351
-4.29531121957533,-26.6113653953924,0.0893482425280488
-4.30416968120066,-26.4949234503253,0.0844512322678382
-4.33154606752673,-26.3989024135697,0.0885484912345456
-4.39174404347417,-26.3146786658921,0.102575780146302
-4.38632807508565,-26.2804193011106,0.107419464861425
-4.38268832520937,-26.3554258140327,0.107628328127894
-4.38744422566874,-26.7289076128744,0.108101621326195
-4.27183052389527,-27.2310652741989,0.108827509173339
-4.00775306871496,-27.4096846134241,0.142079994943707
-2.91352789271306,-25.1007139168383,0.0840006326498434
-2.95909041300421,-26.0501748267863,0.0233234695521094
-3.04120819803191,-25.3237878784112,0.0404674040852966
-3.53341944720786,-26.0069563523546,0.0530586110741391
-3.76140429418196,-26.9664391057781,0.0566807245393526
-3.90566600504742,-26.9093232027188,0.0827372208190453
-4.16133037864096,-26.6591406864801,0.108582200216255
-4.37611362439053,-26.284537439615,0.153520151680155
-4.74516379842322,-26.0536537185702,0.19102386383662
-4.74018096341409,-26.1051788553407,0.161590078416008
-4.46152449127059,-26.2586987409667,0.127256913046185
-4.29085227251926,-26.6704309584521,0.107809114076979
-4.22112546500559,-27.6643564335333,0.112730017427954
-3.9901437982785,-27.9093867660874,0.12260056036866
-3.00321881348442,-24.8151535005036,0.0154935602846949
-2.92924715987847,-25.865721481885,-0.0225831224691646
-3.20652017021639,-25.8357640812606,0.0252935137301185
-3.58108197340829,-25.7697823057077,0.0416197506877732
-3.78391856372227,-26.3406983031628,0.0536695732257585
-4.00283344304312,-26.8152137973545,0.0921058831949865
-4.24393205208606,-26.8431531958882,0.138681417643456
-4.61972688946478,-26.24348341326,0.192572613033952
-4.8663761865628,-26.1614029682025,0.187401052518376
-4.54203789277898,-26.005407092701,0.140953554707575
-4.31083890923555,-26.2082049745005,0.117173143007904
-4.21879773874484,-26.8333159395079,0.112980204272866
-4.15198392781654,-28.1508589533438,0.135138411613759
-3.56217271729747,-26.9167532272123,0.100224877152441
-2.9937169387947,-26.2465934541195,-0.022331834069497
-3.31309817571015,-26.9799611348682,0.0205627748585137
-3.48725473274158,-26.3251140941153,0.0296065323856005
-3.76897937492821,-26.6005113691347,0.0591838171646461
-3.99123982285455,-27.0889852363151,0.0763744295554185
-4.15554778607361,-27.0971807052639,0.0923867689529973
-4.28997967458577,-26.5351811651654,0.105840624330408
-4.4997457600002,-26.2900289410685,0.126843227244489
-4.55844414556528,-26.2881502395666,0.123515978368208
-4.38501132980803,-26.1912262674261,0.0988052145362321
-4.28517128177457,-26.457405221593,0.0909698807554305
-4.30919802217383,-27.2356316973207,0.0926971316580864
-4.04354087319897,-27.9936058126535,0.0752719477399091
-3.52405894272735,-26.9683748701245,-0.0132304237657029
-3.69904636540605,-27.1200114755171,0.00166252179942061
-3.64802776197134,-26.5940999145998,-0.00819364032326514
-3.86948100896949,-26.837864516928,0.0293521150606791
-4.08688915080079,-26.8845457935541,0.0546391758881609
-4.18740293168738,-26.8198830461619,0.0723625118657223
-4.22943400770969,-26.6322986124092,0.0811268496142623
-4.29250864480026,-26.5514243237525,0.095406492555514
-4.37789259156873,-26.241377519291,0.108124283514752
-4.46877397027839,-26.2248724194772,0.111148439672327
-4.53690751678645,-26.5159653195995,0.122190657235854
-4.44092549637308,-26.8317370834931,0.12628462474747
-4.34318275668166,-27.6076590856558,0.120456354269414
-4.06558348240288,-27.8746258909063,0.119477095428524
-3.24375634886069,-26.2299138289381,0.0531551440307834
-2.95400398007111,-26.0155677813203,-0.00562832720846962
-3.01691748164774,-25.8033941395285,0.0232037882016654
-3.46585820542914,-26.0847299336739,0.0488279410712352
-3.7620770776602,-26.8803544902685,0.0634954367849809
-4.00311468007803,-27.423244422426,0.0851594683106119
-4.20957095695503,-27.4279622099042,0.117865613897975
-4.48374160464966,-26.6907119300652,0.175026068565626
-4.84232897065779,-26.2998935812687,0.187128911478219
-4.64240463380999,-25.8837529365155,0.152687489938386
-4.35190180429161,-25.8648444107409,0.119760466768623
-4.23263839381975,-26.2935589681201,0.106946109259988
-4.25388696096699,-27.2541729647925,0.109556361816441
-4.13345352324283,-28.0738789366943,0.0992931615185533
-3.59265732465623,-26.9037405328436,0.0374553138699559
-3.30156836719117,-26.8757664118975,-0.0142532313777481
-3.29013289432153,-26.614626295289,-0.0131576489912771
-3.61944954832591,-26.7022037465379,0.023903366360099
-3.85774442029279,-26.762556633482,0.0480690211374641
-4.00752987353424,-26.8554507035564,0.0636239586459842
-4.11426142165001,-26.6833725035944,0.0757201107705939
-4.23329349563931,-26.4794077701593,0.0867479262726349
-4.38019077125444,-26.4609901230111,0.100594392267462
-4.45116751155684,-26.3628449252666,0.109623402365819
-4.41760412535711,-26.156588946189,0.102743268798571
-4.31412736503158,-26.3066834519565,0.0910731307330775
-4.27090132408696,-26.6902511111186,0.0926231901452217
-4.27347199506629,-27.1756163112437,0.0973949214991215
-4.18875774341203,-27.6921433132659,0.0910064939274306
-3.86109848705568,-28.1144502686423,0.0559386864238709
-3.5511155041197,-27.9194044111333,0.00800231804071372
-3.49003637360187,-27.4592089020108,0.00704906907196534
-3.69692276028895,-27.4017981802146,0.0318429855077128
-3.93142912692471,-27.4341910637309,0.0566980699271443
-4.09095129571161,-27.4249078054846,0.0723979251128963
-4.16755207784132,-27.11465294343,0.0824128230315383
-4.23788456008158,-26.7201852133672,0.0925537952398575
-4.29698674923005,-26.4347657372964,0.0971650405039621
-4.32772736636137,-26.2150165771956,0.100074255264638
-4.31795786774545,-25.9378083867192,0.0936200344217086
-4.30156148937291,-26.192112631297,0.0833985813201905
-4.27835720750601,-26.6275507980404,0.0783004735158693
-4.24390712910503,-26.9675650996115,0.0671868988831662
-4.20393624435263,-27.1694261702247,0.053473182651988
-4.15431496655867,-27.0197393549541,0.0483517961245067
-4.2510660360156,-26.8827853254123,0.0831021775718264
-4.41775113964518,-26.7578182775204,0.110997176144985
-4.30210588503336,-26.8724120793273,0.106060801689597
-4.02071770164718,-27.7894396733819,0.116446494682409
-3.21085567138737,-27.3180772864565,0.0170190374440421
-3.24454059980398,-27.7467008361733,0.0106394557408224
-3.35099652589846,-26.9730207110086,0.0355052186419017
-3.66943808765015,-27.1163250646018,0.0655919397167485
-3.9711199383338,-27.2877728262728,0.0830195062067492
-4.18106642379425,-27.3042632498857,0.110983063755785
-4.49323536566973,-26.9082698709845,0.16287029393358
-4.74892673397641,-26.5277576613226,0.183863607690249
-4.64742939160034,-25.8499305303162,0.151228244737029
-4.3704778437023,-25.7556982100702,0.109346502909198
-4.23483389974404,-26.2718761410985,0.096177973614956
-4.20612531897564,-27.5818181631031,0.120668599387764
-3.8479395825426,-27.8005572772357,0.105019894589234
-3.05862085545314,-26.5344329016332,-0.0337129101226984
-3.26934304363617,-26.9286528753511,-0.00313691252906101
-3.47098526611661,-26.5856958743284,0.0193890765044783
-3.81863472835716,-26.8146975603431,0.051204484097611
-4.01475149425297,-27.0315834969069,0.0678951744901523
-4.1827581936952,-27.0126899222455,0.087906022210989
-4.31613819713964,-26.818745251126,0.093562721961683
-4.4017055111449,-26.6288439354808,0.0901112353745388
-4.43862746656453,-26.4414729462847,0.100493911756909
-4.3992353637404,-26.1831717585146,0.106693739935483
-4.4049935096036,-25.9951610203636,0.11577137795114
-4.37814947226171,-26.1147216785605,0.118646158625315
-4.25725412640619,-26.3864735653461,0.118073441775279
-4.17307641345934,-27.6041566361048,0.144860771489982
-3.57161432566379,-27.2898780083581,0.11491804771855
-3.1044173667201,-26.9083558278332,-0.00169965035233496
-3.25289585420845,-27.1533379405978,0.0304744273596925
-3.46486555219123,-26.7232210068378,0.0377976404354771
-3.78555683341702,-26.9859958071656,0.0572796839075954
-3.9502086756951,-27.1569002528866,0.0584218054806498
-4.0684609836554,-27.1244078826707,0.0655430487285404
-4.15364196701793,-26.9611253095718,0.0708139228090458
-4.22415113899425,-26.8009552000596,0.071417178841892
-4.25865482440462,-26.6990083781442,0.0661956384629927
-4.24682184724355,-26.7410397740642,0.0611321809301407
-4.21350113050388,-26.8757716855598,0.0539361894376444
-4.16835206126885,-26.898776746969,0.0471764040544826
-4.13304945666385,-26.8648449586916,0.0433147520043455
-4.09811863844098,-26.9133631556482,0.0405970634639891
-4.0486595470955,-26.9796288122994,0.033054527237242
-3.95819729785971,-26.7787227411656,0.018074032867585
-3.79309894512481,-26.8322280297986,0.00300730248557229
-3.88320771892756,-27.1583705847973,0.0202411711756634
-4.03380157077248,-26.8853214617958,0.0489233629003838
-4.39883691813512,-26.4558564484695,0.136605038318582
-4.82837125164613,-26.1718283193984,0.181513281355426
-4.54102124985533,-25.9806627807591,0.163566608507403
-4.20119804193238,-26.4685385389868,0.146231743658582
-3.93665492277447,-27.5512186324816,0.169441030053676
-2.88736359613568,-25.6138567048213,0.0149178371106728
-3.05199717542701,-26.59637284478,-0.0206579865942542
-3.18545050322324,-26.2225182789607,0.0158953736093706
-3.61117425900907,-26.7639744952799,0.0461260508469655
-3.81340805809542,-27.0799373166917,0.0573481351898532
-3.94322713966253,-26.9645256425005,0.0835967476230903
-4.1782240456135,-26.5945737629992,0.130788855091237
-4.59803232069441,-26.2353706450587,0.207579120835023
-4.85241802141122,-26.0829443566963,0.21801752682296
-4.62996050174172,-25.8168282545508,0.181734145035091
-4.3466891305909,-26.2735697931709,0.143211865292325
-4.26403670596692,-27.9584082639981,0.186869290592246
-3.55454213115341,-27.5538177862515,0.195740856853725
-2.78690638805865,-25.0192617546986,-0.0194640215253107
-3.03539389258708,-26.5059775398329,0.0537095702554617
-3.23958728198574,-25.6994057376287,0.0501123253172353
-3.69991065464789,-26.9348405184053,0.058140678102381
-3.83911000667433,-27.1177551804098,0.0630101612490416
-4.06359629154737,-27.2504004271901,0.104533458079132
-4.22837303791912,-26.895618421057,0.130103843506947
-4.45883849927324,-26.4474824574992,0.167124695517324
-4.76400922535797,-26.0860008812459,0.192911424821865
-4.59681996267032,-25.580216178103,0.139767464711075
-4.33271071790384,-26.0642909876329,0.112362500888049
-4.23751139918889,-27.2074491238107,0.116319369892737
-3.90559440995462,-27.7832062261548,0.0767501962852961
-3.61765952200186,-27.3695628012335,0.0160829621898761
-3.42558352341831,-26.6116213015145,-0.0130970011969517
-3.37006460904328,-26.6562862621613,-0.0163013831816801
-3.65444469860466,-26.7985769313769,0.0144917914376224
-3.80223705356716,-26.7618299512612,0.0362922248252442
-3.94439415628872,-26.9762152850384,0.0600179268293241
-4.06781403505162,-27.0387473430495,0.0723161946093808
-4.18616699510452,-27.054590388234,0.0847783754564198
-4.38482922361439,-26.8965505301474,0.11465103074266
-4.60348320447213,-26.5675639118489,0.144506345404475
-4.65320017841108,-26.3295954099522,0.138308208959072
-4.50070925011539,-26.2842131227015,0.12347681228244
-4.37711699005062,-26.647702259016,0.123627905897207
-4.2779628756318,-27.2365617162499,0.123092950126331
-3.80728538678607,-27.384899632755,0.106165705412655
-3.04227178166163,-26.4825198446806,-0.00737725377927648
-3.10002820494242,-26.4102210098157,-0.0194686993209086
-3.36677835842176,-26.292992343731,0.0112544533077797
-3.73405670992113,-26.7492178285093,0.0430410915177767
-3.90148852684945,-27.1509401045434,0.0554315578433033
-4.06172450715368,-27.3062582838448,0.0726096500418876
-4.19241099082246,-27.0584709569684,0.0838427830364051
-4.32201897712726,-26.8103413259919,0.098762209775267
-4.42335522110948,-26.607397230935,0.119099458565085
-4.49893588568168,-26.4416317399919,0.120509448763892
-4.46133453582358,-26.1575876774849,0.104929357205916
-4.34794184916568,-26.2674523995517,0.0895501453926237
-4.2893120067391,-26.9125450044147,0.0896445425294285
-4.14855702766771,-27.4239126826293,0.0814910526768833
-3.6107161151039,-26.6665456288007,0.022172542836883
-3.49257579395949,-27.0819371538838,-0.0135750168867889
-3.50320441889741,-26.5218210651567,-0.00951999488096708
-3.72951983941504,-26.597713609737,0.0228411323719255
-3.93716327083304,-26.6907749375715,0.0452326348023423
-4.07806580033947,-26.7333161872167,0.0590520404250321
-4.18336123076093,-26.5031598398343,0.0722352141987475
-4.2661117629663,-26.3560171870445,0.0790470439257497
-4.32052098958709,-26.3598411402845,0.0814077224704479
-4.29388073825404,-26.3804220221113,0.0789511541470937
-4.23546361529137,-26.4460934261466,0.0730674815393369
-4.19907036893939,-26.5800652071968,0.0722447386175955
-4.19881520209989,-26.9838701305346,0.0871177505277742
-4.16694357389335,-27.6782767675344,0.090804685056922
-4.07085710353267,-27.782311820218,0.086322584773433
-3.93718311772863,-28.0242699670618,0.062702317025233
-3.92197704284776,-27.9988191118372,0.0544593601445591
-3.97928172132922,-27.8769484200056,0.0611167477754814
-4.03262091407947,-27.7626592425399,0.0731487562014431
-4.19765497152341,-27.8017926925105,0.0825521930225737
-4.18269614419659,-27.7001013367932,0.090006824772087
-4.17501543405074,-27.7609968511984,0.0828096398977671
-4.1903462564777,-27.9301268066234,0.0868510120829808
-4.18860874807298,-27.7575420835116,0.0911635516897706
-4.15776814772188,-27.5253338201737,0.079354908760474
-4.14596739227198,-27.5513070675728,0.0763952229606816
-4.19470156884487,-27.5473989409279,0.0866646862177992
-4.17647141475651,-27.5953900875831,0.0805909901528521
-4.1292464617049,-27.4665378278144,0.0825003511641474
-4.13394002656489,-27.4453241894124,0.0862066916149682
-4.21041032881454,-27.7580871779844,0.0950852262286195
-4.11650418661905,-27.8348322415873,0.0982740725578034
-4.0721443782274,-27.6013671826378,0.0989796701143963
-4.10233915864719,-27.9426842691314,0.109150466969213
-4.09565553869118,-28.0340499174904,0.0998819296343058
-3.88502748057587,-28.0225499788875,0.0401938015608496
-4.05613698391913,-28.3678625649005,0.101225259206635
-4.03945136938114,-27.3783523916922,0.0930974531806455
-4.15813996352443,-27.6856038793887,0.102335194601653
-4.15947161551074,-28.1021232627974,0.102215385867573
-4.08336137269624,-28.0100333618345,0.114537510997647
-4.13922378792151,-28.2618602476538,0.111282690749823
-4.16296774938547,-27.9023655097773,0.122706066964774
-4.1469708528213,-28.2102382020425,-0.00638944279185227
-4.13148731637158,-28.2480298716288,0.123493813081716
-4.10834374486704,-28.0474726216243,0.146218708389759
-4.1485088969922,-28.1446934792682,0.12144191739438
-4.06792751616691,-28.0164448697329,0.162091312370684
-4.22580359399924,-28.5098488886242,0.0971875587677736
-4.29355485812686,-28.9459405184596,0.206562057527297
-4.0766756302283,-28.2087906516421,0.177086141654328
-4.0775508367574,-28.3882062050498,0.178892963032467
-4.1013765990098,-28.2816248137547,0.179805131270128
-4.025322587561,-27.9015902053701,0.166087192310037
-3.9832751854935,-27.8369180649659,0.16961538055359
-3.97337593820277,-27.4723979149388,0.138409242212819
-4.02376127546416,-27.6520356548209,0.128835395473311
-4.00370310880497,-27.5606648449843,0.131276902242267
-4.03604166342289,-27.5434952235295,0.114502881213922
-4.08444172819215,-27.7259891935846,0.110689525248218
-4.13934070408206,-27.8821580460223,0.115330136371686
-4.17853560104654,-27.9632905851172,0.113814862323738
-4.21930386448379,-28.123445554441,0.116554656877355
-4.29843709285245,-28.4160281861969,0.124546560006248
-4.29633523583684,-28.401333603248,0.128362372479466
-4.25994581290708,-28.1544687575698,0.128510253154017
-4.29532263239791,-28.1404513254695,0.122669210945419
-4.31936335184554,-27.79210740958,0.0862237773069447
-4.19234169091122,-27.6698247863227,0.112955695568397
-4.176355918649,-27.9974264669397,0.151757585206836
-4.24156360699836,-28.5044735397641,0.190852241790307
-4.30011614828221,-29.0531269399188,0.255940873128306
-4.31475074452822,-28.2951478185933,0.180864308285919
-4.22975122159168,-27.7462602362291,0.114133948503214
-4.14060539195034,-27.4356822416746,0.0888428823168773
-4.18949458404279,-27.4506112706979,0.0712961369775963
-4.18831453178304,-27.3778028739728,0.0560544202584117
-4.18664030275388,-27.4966303889203,0.067971227775839
-4.20965795532107,-27.717327027407,0.0924735209628878
-4.2144946900427,-27.8704712794671,0.111712421477415
-4.23319620050505,-28.0219663157289,0.122168227693364
-4.20994449395555,-28.0250913981446,0.126611907404781
-4.21434551540607,-28.0287015092201,0.123353761146208
-4.23491452457794,-28.0405539664982,0.122707599723377
-4.24383300387109,-28.0048025602092,0.119591735601579
-4.24767719286834,-27.997372210077,0.120036313478239
-4.23277310543148,-27.9635736999841,0.117787637583321
-4.22263853295331,-27.9584674879889,0.117630188979074
-4.2143234727876,-27.9729639386919,0.120765058427721
-4.20755029244167,-27.9942691544865,0.126536499483084
-4.20864597208228,-28.0075285649084,0.134658535524276
-4.22972666598337,-28.0395271739411,0.137587001792242
-4.24171173244624,-28.0304162161738,0.135214725208809
-4.23885921753642,-28.0209365902043,0.129948865293948
-4.24755220543803,-28.0220583964723,0.123914389560442
-4.23246326103443,-27.9927779755586,0.122306893514552
-4.22955964615117,-27.9923443335519,0.124156447424375
-4.2318829666262,-28.0010697193902,0.126979381864119
-4.22634269508571,-28.0046985790946,0.131657400990413
-4.23506860859045,-28.0548443242532,0.138240503539867
-4.23483298888604,-28.0620394041105,0.14033583932283
-4.22453073191095,-28.0484283629562,0.145349126242681
-4.2443583987054,-28.0733294795813,0.150664385023828
-4.24748032249868,-28.0450085431675,0.150924463861202
-4.25230845714808,-28.0501672298811,0.141047998300952
-4.26021911139809,-28.0511817628381,0.128518860980505
-4.26361722873394,-28.0588444502776,0.118435604975943
-4.24019276862767,-28.0256556248541,0.126917606853561
-4.23395089613819,-28.0117873679635,0.134808538890655
-4.2336130666801,-28.0111343910862,0.143855928212519
-4.23003829637312,-28.0067042034953,0.145684343368839
-4.25039686339482,-28.0523946431481,0.13969378639229
-4.25580653249138,-28.06702326997,0.133070647456104
-4.25384540623257,-28.0637493331944,0.133817632344542
-4.24799021142839,-28.0428333651331,0.134603719933704
-4.23518223747576,-28.0086583458787,0.138729333989169
-4.240102126137,-28.0242959745724,0.139854794285903
-4.23866615657406,-28.0267402687142,0.139486065840246
-4.25535561029495,-28.0652358679957,0.139041214752398
-4.24902198379363,-28.040888669125,0.135930220932507
-4.24854321486073,-28.0438264316006,0.137694397414205
-4.24849245212307,-28.0465034222786,0.139148553348139
-4.24520091951559,-28.0353558075028,0.140177136732263
-4.24641193383396,-28.0224643224465,0.135039261989944
-4.25587132295628,-28.0544780043039,0.138895707141941
-4.24946750950126,-28.0471760103645,0.141767272279532
-4.23787718639473,-28.0133712507285,0.136873207922991
-4.25347466097817,-28.0400124420869,0.137526217493913
-4.25381776821411,-28.053463112118,0.139963281954893
-4.24892641056768,-28.0463023570651,0.139000470801723
-4.25323308902437,-28.0471478153601,0.13945961527553
-4.24885621380717,-28.037407537336,0.137704255648738
-4.25068133132644,-28.0374988752427,0.139540995483259
-4.24951669496423,-28.0331063290315,0.138048559262714
-4.25209226165971,-28.0429940954852,0.138614931060368
-4.26082220309657,-28.0622358251974,0.141477898308569
-4.25145681973231,-28.0393557894053,0.13956542031494
-4.24649212058279,-28.0264548579737,0.140056053953487
-4.24589553689428,-28.0200201480477,0.139228511271433
-4.2561097501675,-28.0504972743811,0.139711969305025
-4.25652462163185,-28.0582954301359,0.138431031891406
-4.25497645232692,-28.0577959517451,0.141293780174092
-4.25139415249587,-28.0419133669152,0.140695700246183
-4.24922278299808,-28.0315260023278,0.139171555895384
-4.25432752862605,-28.0426455418422,0.13965583634309
-4.24868449157131,-28.0338666989628,0.139316352363623
-4.25586064868963,-28.0461802504153,0.139218872002414
-4.24917202026041,-28.0342029930058,0.140625711829319
-4.2523814516086,-28.0363363748843,0.137977037289518
-4.25556078447408,-28.0445402171275,0.140179930633738
-4.24628030987592,-28.0338887641671,0.142799141741833
-4.24781657468207,-28.0342688293898,0.139612517456456
-4.25680908956347,-28.0433996622305,0.138278240982375
-4.26219865016564,-28.059194465215,0.140227246740768
-4.25814825566833,-28.0545473967493,0.141070178434083
-4.25099433027287,-28.031079980978,0.139550853717793
-4.25413794964204,-28.0389255837169,0.140782119053937
-4.25480315281638,-28.042862422717,0.140641319806094
-4.25674047007764,-28.0458975331564,0.139246582912273
-4.25600069516809,-28.0443988584981,0.140193786088667
-4.25723395101612,-28.0462935337834,0.140717880379315
-4.25891306980754,-28.0481065570233,0.141417768126237
-4.25114032900072,-28.0293582956449,0.140687705805391
-4.25342512847262,-28.0345110920444,0.139627414291013
-4.25722799876674,-28.0462338271993,0.140555942377969
-4.25600664741748,-28.0444585650821,0.140355724090013
-4.25443781385759,-28.0405656170047,0.139821060422614
-4.25456000358789,-28.0386051053353,0.140310160504829
-4.25836287388201,-28.0503278404903,0.141238688591784
-4.25288683704585,-28.0368517886794,0.139772210759252
-4.25369208669865,-28.0390072357623,0.140606325597662
-4.24856353207313,-28.0276488699117,0.139474293144572
-4.25689837330426,-28.0442952609913,0.140707311002563
-4.26577150596216,-28.0586009554358,0.141795532392315
-4.2599317074419,-28.0542207885677,0.141773352259184
-4.25874887709577,-28.0560181158892,0.14545635992535
-4.24922401323019,-28.0233476616073,0.139818596758549
-4.26333913048772,-28.0437771537145,0.139454414736212
-4.25829862937088,-28.0414927273452,0.140104411440145
-4.2562450746287,-28.0404778351593,0.141171986253098
-4.25721890177477,-28.0493287639657,0.143143664321324
-4.26097257679911,-28.0491811557933,0.140512131314631
-4.25408560962968,-28.0302098837399,0.13997171790499
-4.2599777481623,-28.0433057505851,0.140804299187068
-4.25398127664754,-28.0323495151615,0.139968431826812
-4.26361204096314,-28.0483330040165,0.140595264044207
-4.25502372327944,-28.0387025730421,0.140971767965142
-4.25281349554276,-28.0311116123007,0.141225655550968
-4.25790633667196,-28.042111738647,0.141386059995983
-4.25884882529641,-28.0392714438782,0.140283490974598
-4.25799281290595,-28.0397929874733,0.140903532070123
-4.25864611158151,-28.0436104133054,0.140438856819589
-4.25146400221381,-28.0312371552688,0.140374399179451
-4.25912768802122,-28.0438870007643,0.141586278283939
-4.25855368309814,-28.045869457895,0.140759446744102
-4.25870440384326,-28.0523858198664,0.141411195969882
-4.25778414694166,-28.0440722503164,0.140896959913767
-4.25300272748419,-28.0152605390505,0.138481856620404
-4.25697103052901,-28.0368333992794,0.143297607881878
-4.25165638870463,-28.0381714633286,0.142159714414652
-4.26209397014092,-28.0417630652611,0.138606444442873
-4.26288417055237,-28.0469537425263,0.141866343223293
-4.24860519781883,-28.0280668160001,0.140607859153993
-4.25919788478174,-28.0527818204934,0.142882493436924
-4.26401186318614,-28.0591663899537,0.141740110572598
-4.25672542083629,-28.0489327633387,0.141672366854283
-4.2544850848101,-28.0214722383016,0.139499048213663
-4.26011498713395,-28.0383100087334,0.138867615327274
-4.25945416874112,-28.0489802103227,0.144184569604046
-4.2572530379964,-28.038294312815,0.141850735246517
-4.25672069881902,-28.0406947160341,0.142157469716102
-4.24981587490143,-28.0215443242287,0.141131242302423
-4.2588159193069,-28.0421275543084,0.142223460912571
-4.26065485583541,-28.0473620027533,0.140987375941917
-4.25805705741708,-28.0486281006184,0.142037809221762
-4.25721137225069,-28.0378763667267,0.140717169237096
-4.25848034159504,-28.0401292815163,0.142212891535819
-4.25793609791889,-28.0424102715673,0.142195750002712
-4.26332285101426,-28.0549907246173,0.141233157815057
-4.25810467541217,-28.0491057532908,0.143333313232529
-4.26098290402319,-28.0379078783064,0.138571450234441
-4.25816262063134,-28.0383101284764,0.142688136163105
-4.25707098853646,-28.0460267519288,0.145403513041593
-4.24921333896354,-28.0150499077186,0.140141761619023
-4.2598210751678,-28.0367296820297,0.139990611959943
-4.26677228684836,-28.064536067228,0.141665302521224
-4.26027323740315,-28.0562787679438,0.141945859637281
-4.25943631199296,-28.0488010905706,0.143698755600009
-4.25324745398738,-28.0309105470872,0.141077573004552
-4.26192224790506,-28.038222226888,0.140218541157758
-4.25446880533663,-28.0326858092044,0.141277791292508
-4.25566039543896,-28.0341625384014,0.140668319573735
-4.26980685121811,-28.0662832540839,0.143378384641009
-4.25983455694126,-28.0482417858527,0.142579045045517
-4.24850804731819,-28.0220878132851,0.141413551940327
-4.25919753773916,-28.0332107891179,0.141264977217207
-4.26181353994823,-28.0516948423804,0.142317874161116
-4.26303489129748,-28.0534701044977,0.142518092449072
-4.25888453879273,-28.0396296833825,0.141255118982673
-4.26080680681264,-28.0457000240042,0.142286166030862
-4.2552442937425,-28.0345427233671,0.141302216124189
-4.25959735996216,-28.0440441750551,0.142409823745597
-4.25882064132417,-28.0503656016129,0.141738358050751
-4.2608246635608,-28.0458791437563,0.142771980034899
-4.26216539713355,-28.0424795442697,0.140549700459023
-4.26135700273818,-28.0434787405372,0.142465245565315
-4.25615545365214,-28.0459512296834,0.144404174123659
-4.25048107807577,-28.0254811632288,0.14099044305458
-4.26493177304516,-28.0479089281281,0.140636830408995
-4.26217887890702,-28.0539916480928,0.143138133544597
-4.26035499161986,-28.0457219694655,0.141948434573241
-4.25684884079871,-28.0387939109488,0.142808507799663
-4.25382741115984,-28.0289877965405,0.142066342545734
-4.26617098114258,-28.0498633099975,0.141322862700988
-4.2574485692298,-28.0420739775243,0.140886390537016
-4.26061004534713,-28.0500987000154,0.142603469877198
-4.26085442480773,-28.0461776766766,0.143581670041628
-4.25403012487475,-28.0246488271134,0.141910976700744
-4.25307573175152,-28.0273697087141,0.142689669719437
-4.26207296865018,-28.0447385888593,0.140870290383537
-4.26350928525569,-28.061865326093,0.142856535048911
-4.2608174810793,-28.0539977778928,0.141963001170388
-4.25807491416524,-28.0488072203706,0.1425236232258
-4.25448666208479,-28.0328649289566,0.141763605296545
-4.26047718135017,-28.0437614577961,0.142437534655456
-4.25739185424274,-28.0446912616183,0.142178608469605
-4.25398722889692,-28.0324092217455,0.140130369828158
-4.26117214577144,-28.0479968297165,0.143106425414342
-4.25948426722382,-28.0429097499581,0.139333001720026
-4.25958231072081,-28.0470794052374,0.144835607687607
-4.25279844630141,-28.034146842483,0.143651439492978
-4.25855491333026,-28.0376911171745,0.141406487607268
-4.26478577431731,-28.0496306134613,0.139499978321396
-4.25909478203171,-28.0467431111944,0.143526248221911
-4.2540407991414,-28.032946581002,0.14158781184027
-4.26195953867607,-28.0499731570473,0.143454726248715
-4.25783176493675,-28.0445499029888,0.142192463924534
-4.26042956335508,-28.0432838051237,0.141142030644689
-4.25797495615779,-28.0396138677212,0.140417718066086
-4.2645156713487,-28.0482891130938,0.141270726959449
-4.26059341883108,-28.0417412395427,0.142764696736325
-4.25303406600582,-28.0269517626257,0.141556103710016
-4.25614197187867,-28.0344391258603,0.141815741038085
-4.25947640046397,-28.0378263460039,0.142567764526547
-4.2645501546129,-28.0568256933186,0.141595314104359
-4.25867587282844,-28.0439089462256,0.141248546826318
-4.25533076997649,-28.0322239721934,0.140819688198329
-4.25763623370335,-28.0407702382795,0.143156808634036
-4.2540407991414,-28.032946581002,0.14158781184027
